date,W790RC,W276RC,W987RC,A008RC,NFI
1989-01-01,4.20374,9.44322,13.647,12.6372,4.20374
1989-04-01,3.97745,9.41777,13.3952,12.6326,3.97745
1989-07-01,3.67774,9.4228,13.1005,12.8374,3.67773
1989-10-01,3.5689,9.47795,13.0468,12.656,3.5689
1990-01-01,3.5383,9.41204,12.9503,12.6157,3.5383
1990-04-01,3.53748,9.40739,12.9449,12.3175,3.53748
1990-07-01,3.28163,9.45197,12.7336,12.3757,3.28165
1990-10-01,2.43338,9.59798,12.0314,12.2823,2.43338
1991-01-01,2.04571,9.67726,11.723,12.0924,2.04571
1991-04-01,1.81122,9.63665,11.4479,11.8623,1.81124
1991-07-01,1.8995,9.59541,11.4949,11.6042,1.8995
1991-10-01,2.23957,9.5653,11.8049,11.455,2.23957
1992-01-01,1.62952,9.45507,11.0846,11.2242,1.62954
1992-04-01,2.24349,9.35324,11.5967,11.3853,2.24349
1992-07-01,2.28185,9.28925,11.5711,11.3991,2.28185
1992-10-01,2.50838,9.21945,11.7278,11.4999,2.50838
1993-01-01,2.75728,9.25856,12.0158,11.5386,2.75728
1993-04-01,2.69834,9.25777,11.9561,11.6372,2.69834
1993-07-01,2.40161,9.26825,11.6699,11.5999,2.40161
1993-10-01,2.84432,9.20381,12.0481,11.8288,2.84432
1994-01-01,3.24894,9.18259,12.4315,11.815,3.24894
1994-04-01,3.76361,9.14598,12.9096,11.8065,3.76361
1994-07-01,3.43362,9.19017,12.6238,11.8959,3.43362
1994-10-01,4.01062,9.20427,13.2149,12.1657,4.01062
1995-01-01,4.14482,9.3084,13.4532,12.5576,4.14482
1995-04-01,3.75776,9.40326,13.161,12.6208,3.75776
1995-07-01,3.42125,9.4255,12.8467,12.5669,3.42124
1995-10-01,3.56225,9.44526,13.0075,12.6349,3.56225
1996-01-01,3.52063,9.43977,12.9604,12.7566,3.52063
1996-04-01,3.89832,9.36791,13.2662,12.7784,3.89832
1996-07-01,4.34011,9.38794,13.728,13.0231,4.3401
1996-10-01,4.20106,9.38712,13.5882,13.119,4.20106
1997-01-01,4.43889,9.42831,13.8672,13.241,4.43889
1997-04-01,4.90927,9.40818,14.3174,13.2597,4.90927
1997-07-01,4.9659,9.40087,14.3668,13.6025,4.96591
1997-10-01,4.86613,9.4366,14.3027,13.4741,4.86613
1998-01-01,5.27073,9.47313,14.7439,13.6737,5.27073
1998-04-01,4.66851,9.5108,14.1793,13.9035,4.66851
1998-07-01,4.77707,9.50188,14.279,13.8322,4.77707
1998-10-01,4.98888,9.47591,14.4648,13.9385,4.98888
1999-01-01,5.33006,9.51086,14.8409,14.0496,5.33007
1999-04-01,4.93133,9.57847,14.5098,14.213,4.93133
1999-07-01,5.04444,9.62861,14.673,14.3145,5.04444
1999-10-01,5.23501,9.65438,14.8894,14.0912,5.23501
2000-01-01,4.77845,9.81589,14.5943,14.4993,4.77844
2000-04-01,5.64145,9.771,15.4125,14.625,5.64145
2000-07-01,5.31645,9.83029,15.1467,14.728,5.31645
2000-10-01,5.20233,9.78183,14.9842,14.6141,5.20233
2001-01-01,3.96262,9.9644,13.927,14.3765,3.96262
2001-04-01,3.62999,10.0231,13.6531,13.9031,3.62999
2001-07-01,3.17052,10.1169,13.2874,13.7061,3.17052
2001-10-01,2.1561,10.148,12.3041,13.2157,2.1561
2002-01-01,2.48662,10.0977,12.5843,12.7419,2.48661
2002-04-01,2.44832,10.0485,12.4968,12.4663,2.44832
2002-07-01,2.31006,10.0365,12.3466,12.2804,2.31006
2002-10-01,2.15871,10.0343,12.193,12.0347,2.15872
2003-01-01,2.07921,9.96871,12.0479,11.9266,2.07921
2003-04-01,2.00605,9.9049,11.911,12.0823,2.00605
2003-07-01,2.19759,9.75698,11.9546,12.0356,2.19759
2003-10-01,2.55579,9.67211,12.2279,11.9931,2.55579
2004-01-01,2.41556,9.67303,12.0886,11.7569,2.41557
2004-04-01,2.85187,9.65112,12.503,11.9333,2.85187
2004-07-01,2.97047,9.62827,12.5988,12.1126,2.97048
2004-10-01,3.13657,9.64442,12.781,12.2269,3.13657
2005-01-01,3.44635,9.64802,13.0944,12.2838,3.44635
2005-04-01,2.95581,9.70635,12.6622,12.4111,2.95581
2005-07-01,2.9238,9.70762,12.6314,12.5023,2.9238
2005-10-01,3.42363,9.78584,13.2095,12.5236,3.42363
2006-01-01,3.57706,9.76128,13.3383,12.7604,3.57706
2006-04-01,3.57388,9.82067,13.3945,12.9015,3.57388
2006-07-01,3.65095,9.90398,13.5549,13.0924,3.65095
2006-10-01,3.38979,9.96204,13.3518,13.1738,3.38979
2007-01-01,3.31284,10.0001,13.3129,13.3095,3.31284
2007-04-01,3.58638,9.99251,13.5789,13.4544,3.58639
2007-07-01,3.6106,9.9893,13.5999,13.5084,3.6106
2007-10-01,3.48108,9.99554,13.4766,13.572,3.48108
2008-01-01,3.08642,10.1554,13.2418,13.6925,3.08642
2008-04-01,2.89758,10.1904,13.088,13.6155,2.89759
2008-07-01,2.61124,10.3309,12.9421,13.4708,2.61124
2008-10-01,1.59391,10.6264,12.2203,13.1347,1.59391
2009-01-01,-0.0865365,10.7175,10.631,12.2058,-0.0865365
2009-04-01,-0.845129,10.6416,9.79643,11.7164,-0.845129
2009-07-01,-1.01822,10.5293,9.51112,11.4614,-1.01822
2009-10-01,0.0377169,10.4132,10.4509,11.3255,0.0377169
2010-01-01,0.37025,10.3406,10.7108,11.2429,0.37025
2010-04-01,0.967758,10.2279,11.1957,11.4534,0.967758
2010-07-01,1.68622,10.1505,11.8367,11.6392,1.68623
2010-10-01,1.5292,10.1267,11.6559,11.7695,1.5292
2011-01-01,1.20215,10.2126,11.4147,11.7586,1.20215
2011-04-01,1.59149,10.2025,11.794,11.9685,1.59149
2011-07-01,1.56786,10.2541,11.822,12.4859,1.56786
2011-10-01,2.52655,10.2287,12.7553,12.6811,2.52655
2012-01-01,2.5912,10.2284,12.8196,12.9031,2.5912
2012-04-01,2.83488,10.2553,13.0902,13.1188,2.83488
2012-07-01,2.68383,10.2963,12.9802,13.027,2.68383
2012-10-01,2.40202,10.3147,12.7167,13.0851,2.40202
2013-01-01,2.69134,10.2561,12.9474,13.0664,2.69134
2013-04-01,2.66309,10.3229,12.986,13.0831,2.66309
2013-07-01,3.09402,10.2952,13.3892,13.1578,3.09402
2013-10-01,3.13694,10.2966,13.4335,13.3233,3.13694
2014-01-01,2.8894,10.4464,13.3358,13.5803,2.88941
2014-04-01,3.38312,10.377,13.7601,13.7409,3.38312
2014-07-01,3.5512,10.3521,13.9033,13.8483,3.5512
2014-10-01,3.46345,10.4067,13.8701,13.9143,3.46345
2015-01-01,3.84569,10.433,14.2787,13.8244,3.84569
2015-04-01,3.64175,10.396,14.0378,13.734,3.64175
2015-07-01,3.47481,10.4123,13.8871,13.7047,3.47481
2015-10-01,3.20934,10.4379,13.6472,13.5633,3.20934
2016-01-01,2.85057,10.4169,13.2675,13.4343,2.85057
2016-04-01,2.66802,10.4222,13.0902,13.4228,2.66802
2016-07-01,2.60109,10.3977,12.9988,13.4639,2.60109
2016-10-01,2.87231,10.4124,13.2848,13.4725,2.87232
2017-01-01,2.62179,10.4315,13.0533,13.5017,2.62179
2017-04-01,2.82716,10.4803,13.3074,13.5824,2.82716
2017-07-01,2.94987,10.4837,13.4336,13.5526,2.94987
2017-10-01,3.02337,10.4252,13.4486,13.6356,3.02337
2018-01-01,3.14077,10.3851,13.5259,13.8245,3.14077
2018-04-01,2.94756,10.3915,13.339,13.8309,2.94756
2018-07-01,3.40321,10.4071,13.8104,13.8007,3.40321
2018-10-01,3.36406,10.4645,13.8286,13.8574,3.36407
2019-01-01,3.38848,10.5369,13.9254,13.89,3.38848
2019-04-01,3.35485,10.5471,13.902,14.0237,3.35485
2019-07-01,3.27555,10.5015,13.7771,13.9573,3.27555
2019-10-01,2.86034,10.4821,13.3425,13.7248,2.86033
2020-01-01,2.3034,10.7072,13.0106,13.6336,2.3034
2020-04-01,0.0423583,11.7678,11.8102,13.711,0.0423533
2020-07-01,2.36335,10.8865,13.2499,13.1425,2.36335
2020-10-01,2.56327,10.8223,13.3856,13.3054,2.56327
2021-01-01,2.19001,10.6179,12.8079,13.2395,2.19002
2021-04-01,1.79134,10.4687,12.26,13.141,1.79133
2021-07-01,2.26208,10.4731,12.7352,12.9103,2.26208
2021-10-01,3.26199,10.4002,13.6622,12.7815,3.26199
2022-01-01,3.51752,10.5316,14.0491,13.1284,3.51752
2022-04-01,3.10582,10.5814,13.6873,13.2968,3.10582
2022-07-01,3.0017,10.6348,13.6365,13.4704,3.0017
2022-10-01,3.43219,10.6248,14.057,13.5857,3.43219
2023-01-01,3.00881,10.6541,13.6629,13.8026,3.00881
2023-04-01,3.07741,10.6621,13.7396,14.0002,3.07742
2023-07-01,3.25765,10.5638,13.8214,13.7904,3.25765
2023-10-01,3.24712,10.58,13.8271,13.8659,3.24712
2024-01-01,2.93361,10.6008,13.5345,13.8071,2.93362
2024-04-01,3.18655,10.6042,13.7908,13.7661,3.18655
2024-07-01,3.11561,10.6392,13.7548,13.7884,3.11561
2024-10-01,2.6127,10.6774,13.2901,13.567,2.6127
2025-01-01,3.43699,10.6965,14.1335,13.7734,3.43699
2025-04-01,2.631,10.6538,13.2848,13.8016,2.631
2025-07-01,2.48473,10.7269,13.2116,13.8063,2.48473
2025-10-01,2.46367,10.8537,13.3174,13.8894,2.46366
2026-01-01,2.67937,10.8716,13.551,14.0954,2.67937
