date,spx,ndq,dji,spx_MA,ndq_MA,dji_MA
2019-01-06,2.49662,6.62277,23.1552,2.74438,7.42107,25.0395
2019-01-13,2.58039,6.92702,23.8392,2.74159,7.41682,25.0152
2019-01-20,2.62314,7.04123,24.2518,2.73831,7.41244,24.9844
2019-01-27,2.64467,7.07111,24.5676,2.73527,7.4076,24.9559
2019-02-03,2.67511,7.16853,24.8373,2.73197,7.40191,24.9267
2019-02-10,2.72162,7.34229,25.2634,2.73063,7.40213,24.9158
2019-02-17,2.74578,7.40846,25.469,2.73218,7.40988,24.9316
2019-02-24,2.783,7.49078,25.9321,2.73343,7.41544,24.947
2019-03-03,2.79411,7.55723,26.0155,2.73455,7.41999,24.9623
2019-03-10,2.76918,7.49789,25.6446,2.73592,7.42496,24.9799
2019-03-17,2.80334,7.62239,25.6934,2.73657,7.42674,24.9925
2019-03-24,2.82907,7.72981,25.8024,2.7381,7.43134,25.0111
2019-03-31,2.81441,7.67419,25.6893,2.74115,7.44098,25.0401
2019-04-07,2.87599,7.88072,26.2931,2.74575,7.4567,25.0818
2019-04-14,2.89158,7.95178,26.2408,2.75081,7.47505,25.1236
2019-04-21,2.90453,7.9926,26.4616,2.755,7.49004,25.1576
2019-04-28,2.92699,8.10064,26.554,2.7592,7.50556,25.1934
2019-05-05,2.93515,8.10153,26.478,2.76475,7.52601,25.2392
2019-05-12,2.88961,7.97158,26.0283,2.76988,7.54347,25.2807
2019-05-19,2.84662,7.7836,25.6263,2.77278,7.5527,25.3015
2019-05-26,2.84183,7.70084,25.682,2.77537,7.5603,25.3201
2019-06-02,2.78158,7.54388,25.1148,2.77692,7.56387,25.331
2019-06-09,2.81814,7.55865,25.4792,2.77805,7.5637,25.3411
2019-06-16,2.88618,7.81445,26.0625,2.78006,7.56566,25.3568
2019-06-23,2.9277,7.97385,26.5109,2.78258,7.56893,25.3798
2019-06-30,2.92864,7.95488,26.5878,2.78625,7.57481,25.4209
2019-07-07,2.98089,8.13307,26.8481,2.79049,7.58427,25.4647
2019-07-14,2.99247,8.17657,26.974,2.79476,7.59367,25.5083
2019-07-21,2.9949,8.20399,27.2584,2.79888,7.60213,25.554
2019-07-28,3.00792,8.26916,27.2249,2.8026,7.60977,25.5958
2019-08-04,2.98003,8.17151,26.8704,2.80618,7.61877,25.6301
2019-08-11,2.89345,7.88409,26.084,2.80778,7.62213,25.6467
2019-08-18,2.87718,7.86326,25.8264,2.80877,7.62302,25.6583
2019-08-25,2.90373,7.94295,26.0364,2.80985,7.625,25.6674
2019-09-01,2.8973,7.89477,26.0957,2.81019,7.62423,25.6706
2019-09-08,2.94969,8.01774,26.4998,2.81065,7.62219,25.6762
2019-09-15,2.99514,8.14249,27.0568,2.81244,7.62478,25.693
2019-09-22,3.00185,8.1635,27.0729,2.81459,7.62882,25.7136
2019-09-29,2.97653,8.03075,26.888,2.81602,7.63103,25.7231
2019-10-06,2.93345,7.9096,26.4687,2.81673,7.62962,25.726
2019-10-13,2.93193,7.93833,26.4603,2.81723,7.63033,25.7222
2019-10-20,2.98713,8.11359,26.922,2.8207,7.64089,25.745
2019-10-27,3.00801,8.1632,26.8427,2.82525,7.65356,25.7735
2019-11-03,3.04551,8.31712,27.1485,2.83196,7.67365,25.816
2019-11-10,3.08159,8.43767,27.5607,2.83889,7.695,25.8591
2019-11-17,3.098,8.49046,27.7907,2.84528,7.71629,25.897
2019-11-24,3.1129,8.53469,27.8866,2.85319,7.74334,25.9509
2019-12-01,3.14219,8.66277,28.1009,2.86143,7.77145,26.0109
2019-12-08,3.11663,8.57651,27.7257,2.86835,7.79531,26.056
2019-12-15,3.1495,8.66885,27.994,2.87755,7.82544,26.1184
2019-12-22,3.20034,8.8555,28.3149,2.88926,7.86289,26.2012
2019-12-29,3.23183,8.98189,28.5834,2.90293,7.90663,26.303
2020-01-05,3.23619,9.00789,28.6261,2.9149,7.94516,26.3913
2020-01-12,3.25531,9.13032,28.7626,2.92771,7.98691,26.4858
2020-01-19,3.3014,9.30601,29.1045,2.94134,8.03196,26.5843
2020-01-26,3.31589,9.36799,29.133,2.95349,8.07298,26.6697
2020-02-02,3.26049,9.2268,28.6217,2.96466,8.11167,26.7437
2020-02-09,3.31094,9.46854,28.9961,2.97612,8.15292,26.8164
2020-02-16,3.36868,9.68729,29.3852,2.98857,8.19788,26.8964
2020-02-23,3.36686,9.71937,29.1982,2.99947,8.23866,26.9613
2020-03-01,3.08069,8.8603,26.6351,3.00689,8.2688,26.9927
2020-03-08,3.04401,8.79371,26.3395,3.01184,8.29309,26.9999
2020-03-15,2.71237,7.86473,23.3617,3.01347,8.30785,26.9821
2020-03-22,2.40555,7.05186,20.1172,3.00755,8.30103,26.8937
2020-03-29,2.46637,7.39255,20.9373,2.99922,8.29072,26.784
2020-04-05,2.53946,7.53904,21.5308,2.99358,8.28744,26.7005
2020-04-12,2.71572,8.01124,23.1217,2.9887,8.2842,26.6267
2020-04-19,2.81303,8.45677,23.725,2.98674,8.29007,26.5784
2020-04-26,2.79871,8.48972,23.4871,2.98469,8.29944,26.5207
2020-05-03,2.8849,8.74942,24.1877,2.98315,8.31027,26.4697
2020-05-10,2.87412,8.89504,23.9009,2.98213,8.32481,26.4224
2020-05-17,2.8673,9.00327,23.7091,2.98255,8.34779,26.3848
2020-05-24,2.95048,9.28104,24.4639,2.98368,8.37478,26.353
2020-05-31,3.02548,9.40286,25.3318,2.98666,8.40517,26.3424
2020-06-07,3.11314,9.65465,26.1761,2.9919,8.44196,26.3538
2020-06-14,3.13462,9.79608,26.5137,2.99795,8.48378,26.3728
2020-06-21,3.10358,9.88432,26.0249,3.00179,8.522,26.3687
2020-06-28,3.07846,9.97424,25.6776,3.00511,8.56177,26.3548
2020-07-05,3.09985,10.0738,25.7428,3.0074,8.59672,26.336
2020-07-12,3.16641,10.487,26.0052,3.01036,8.63618,26.3199
2020-07-19,3.20392,10.4814,26.601,3.01398,8.68156,26.3025
2020-07-26,3.24729,10.5956,26.7299,3.01887,8.72895,26.2931
2020-08-02,3.24673,10.5629,26.4491,3.02344,8.77342,26.281
2020-08-09,3.32587,10.9923,27.103,3.03066,8.82956,26.2875
2020-08-16,3.36416,10.965,27.8566,3.03968,8.89041,26.3183
2020-08-23,3.38586,11.2128,27.7972,3.04937,8.954,26.3565
2020-08-30,3.46924,11.5664,28.407,3.06007,9.02383,26.3994
2020-09-06,3.49796,11.7086,28.5205,3.07165,9.09918,26.4446
2020-09-13,3.35274,10.9406,27.6604,3.07938,9.15518,26.4659
2020-09-20,3.36934,11.0002,27.9161,3.08594,9.20588,26.479
2020-09-27,3.27572,10.7923,27.0377,3.09217,9.25993,26.4865
2020-10-04,3.35586,11.1544,27.6636,3.09932,9.32004,26.4988
2020-10-11,3.4226,11.3705,28.2475,3.10851,9.3866,26.5304
2020-10-18,3.50039,11.7789,28.6264,3.11896,9.45903,26.5676
2020-10-25,3.4449,11.5069,28.2829,3.12815,9.5277,26.5974
2020-11-01,3.32855,11.1785,26.9658,3.13549,9.58983,26.6109
2020-11-08,3.42855,11.499,27.7933,3.1413,9.64645,26.6085
2020-11-15,3.55817,11.7186,29.3073,3.15,9.7112,26.6321
2020-11-22,3.58873,11.8769,29.5838,3.15946,9.77698,26.6653
2020-11-29,3.62025,12.0544,29.8551,3.16793,9.83722,26.6957
2020-12-06,3.66379,12.3489,29.9068,3.1772,9.90215,26.7305
2020-12-13,3.67972,12.4451,30.0716,3.1882,9.9783,26.7748
2020-12-20,3.69503,12.6427,30.1396,3.19828,10.0531,26.8134
2020-12-27,3.69381,12.7816,30.1404,3.20699,10.1218,26.8447
2021-01-03,3.73763,12.877,30.4389,3.21472,10.183,26.8721
2021-01-10,3.76082,12.9055,30.7168,3.2236,10.2506,26.9052
2021-01-17,3.79489,13.0698,30.9887,3.23401,10.327,26.9472
2021-01-24,3.83632,13.4321,31.073,3.2429,10.3966,26.9798
2021-01-31,3.79147,13.3881,30.5572,3.25245,10.4715,27.0142
2021-02-07,3.83778,13.6522,30.7654,3.26284,10.5538,27.0505
2021-02-14,3.91758,14.0178,31.4177,3.27386,10.6398,27.0906
2021-02-21,3.92115,13.9382,31.5309,3.28367,10.7162,27.1287
2021-02-28,3.86476,13.3816,31.4711,3.29477,10.7911,27.1862
2021-03-07,3.84045,13.1178,31.3235,3.31074,10.8798,27.2861
2021-03-14,3.89566,13.0941,32.2393,3.32921,10.9692,27.4141
2021-03-21,3.94687,13.3576,32.857,3.35625,11.0855,27.6274
2021-03-28,3.92486,13.1367,32.6534,3.38676,11.2067,27.8789
2021-04-04,3.9806,13.208,33.0933,3.41199,11.3056,28.0809
2021-04-11,4.09155,13.7645,33.5416,3.43862,11.4126,28.2883
2021-04-18,4.15003,13.959,33.878,3.46596,11.5265,28.4948
2021-04-25,4.15735,13.8973,33.9791,3.4927,11.6344,28.7
2021-05-02,4.19003,14.0651,33.9444,3.51927,11.7418,28.9012
2021-05-09,4.19183,13.6992,34.3606,3.54538,11.8425,29.1019
2021-05-16,4.13798,13.2756,34.2006,3.57082,11.9307,29.3093
2021-05-23,4.14436,13.3978,34.1153,3.59552,12.0148,29.5109
2021-05-30,4.19723,13.7083,34.4047,3.61927,12.0993,29.6988
2021-06-06,4.20823,13.7305,34.6273,3.63967,12.1744,29.8581
2021-06-13,4.23199,13.9616,34.5246,3.65855,12.247,29.9971
2021-06-20,4.22275,14.0957,33.9681,3.68117,12.3324,30.1599
2021-06-27,4.25205,14.2793,34.0655,3.70341,12.4159,30.3163
2021-07-04,4.31044,14.5389,34.4996,3.72751,12.5048,30.4896
2021-07-11,4.34801,14.6476,34.6378,3.74886,12.5819,30.6446
2021-07-18,4.36307,14.6052,34.8986,3.77007,12.6559,30.7995
2021-07-25,4.3439,14.5855,34.6314,3.79192,12.734,30.956
2021-08-01,4.40776,14.743,35.0308,3.8149,12.8178,31.1223
2021-08-08,4.41572,14.7908,35.004,3.83734,12.8972,31.2881
2021-08-15,4.44807,14.8105,35.3733,3.85898,12.9734,31.4418
2021-08-22,4.43511,14.6465,35.1887,3.8803,13.046,31.5909
2021-08-29,4.48826,15.0159,35.3553,3.90109,13.1155,31.7341
2021-09-05,4.52959,15.3058,35.3772,3.92126,13.1846,31.8699
2021-09-12,4.49649,15.2562,34.9045,3.9405,13.2545,31.9944
2021-09-19,4.45984,15.1062,34.7196,3.96017,13.3284,32.1184
2021-09-26,4.4024,14.8914,34.3423,3.98171,13.4088,32.2538
2021-10-03,4.36396,14.6089,34.3461,4.00343,13.4855,32.3978
2021-10-10,4.36017,14.485,34.4472,4.02265,13.55,32.525
2021-10-17,4.39705,14.6489,34.6919,4.04073,13.6092,32.646
2021-10-24,4.52739,15.1157,35.5211,4.06082,13.6751,32.7806
2021-10-31,4.57895,15.329,35.7078,4.08353,13.7505,32.9348
2021-11-07,4.6565,15.7938,36.1152,4.10907,13.8385,33.1114
2021-11-14,4.67316,15.8114,36.1707,4.13246,13.9216,33.264
2021-11-21,4.69497,15.9601,35.9267,4.15433,14.0023,33.3937
2021-11-28,4.66743,15.7417,35.5342,4.174,14.0734,33.5032
2021-12-05,4.57017,15.4083,34.5723,4.19129,14.1336,33.5931
2021-12-12,4.67182,15.5694,35.6854,4.2098,14.1929,33.6945
2021-12-19,4.66044,15.3133,35.6771,4.22965,14.2522,33.8073
2021-12-26,4.6599,15.3743,35.5323,4.24647,14.2976,33.9024
2022-01-02,4.7831,15.7611,36.3851,4.26516,14.3492,34.0083
2022-01-09,4.73275,15.3145,36.452,4.28548,14.4032,34.1265
2022-01-16,4.68632,14.997,36.1273,4.30328,14.4427,34.2302
2022-01-23,4.49763,14.1925,34.8445,4.31727,14.467,34.3103
2022-01-30,4.37497,13.612,34.3433,4.32752,14.4716,34.3737
2022-02-06,4.52589,14.1961,35.2735,4.34092,14.4821,34.4618
2022-02-13,4.50306,14.1355,35.2603,4.35321,14.487,34.5421
2022-02-20,4.41538,13.8639,34.5761,4.36374,14.4872,34.6092
2022-02-27,4.3009,13.3968,33.5027,4.37174,14.4867,34.6505
2022-03-06,4.35182,13.5775,33.6977,4.38059,14.4929,34.6925
2022-03-13,4.2227,12.9712,32.9709,4.38886,14.4971,34.7219
2022-03-20,4.33364,13.295,33.9577,4.39519,14.491,34.7352
2022-03-27,4.49845,14.0462,34.6576,4.40571,14.5034,34.7722
2022-04-03,4.57717,14.3798,34.9951,4.41756,14.5264,34.8108
2022-04-10,4.51548,14.0468,34.6729,4.42702,14.538,34.838
2022-04-17,4.41229,13.4445,34.3861,4.43265,14.5329,34.8507
2022-04-24,4.39576,13.2838,34.6176,4.43719,14.5235,34.8616
2022-05-01,4.21494,12.6381,33.497,4.43929,14.5008,34.8614
2022-05-08,4.18025,12.5054,33.2297,4.43934,14.4754,34.8451
2022-05-15,3.97629,11.5802,32.0335,4.4371,14.445,34.8082
2022-05-22,3.96454,11.5617,31.7766,4.43406,14.4111,34.766
2022-05-29,4.02201,11.6212,32.3559,4.42985,14.3693,34.7182
2022-06-05,4.12968,12.1014,32.9878,4.42808,14.3377,34.6882
2022-06-12,4.06331,11.8834,32.5345,4.42608,14.3051,34.6574
2022-06-19,3.72334,10.8362,30.2732,4.4183,14.248,34.594
2022-06-26,3.80804,11.2405,30.7979,4.40981,14.1916,34.5329
2022-07-03,3.83024,11.2081,31.0574,4.40206,14.1362,34.4761
2022-07-10,3.86962,11.4852,31.1821,4.39327,14.0773,34.4129
2022-07-17,3.82571,11.3177,30.9693,4.38411,14.019,34.3467
2022-07-24,3.9376,11.7729,31.7421,4.37504,13.9601,34.2808
2022-07-31,4.02284,11.9862,32.2648,4.36706,13.9039,34.2238
2022-08-07,4.13242,12.5528,32.7075,4.36106,13.8568,34.1769
2022-08-14,4.19204,12.7641,33.2028,4.35569,13.8143,34.133
2022-08-21,4.27772,12.9679,33.9501,4.35198,13.7789,34.1006
2022-08-28,4.13285,12.3951,32.9035,4.34678,13.7357,34.064
2022-09-04,3.97258,11.8266,31.675,4.33759,13.6751,34.0009
2022-09-11,3.9904,11.8278,31.6632,4.32746,13.6111,33.9337
2022-09-18,3.95276,11.7241,31.2811,4.31899,13.5525,33.8775
2022-09-25,3.79939,11.223,30.3154,4.30782,13.4818,33.8032
2022-10-02,3.64949,10.7994,29.2061,4.29369,13.4039,33.7049
2022-10-09,3.72736,10.9732,29.861,4.28081,13.3326,33.6125
2022-10-16,3.60625,10.4712,29.4653,4.26646,13.2558,33.513
2022-10-23,3.70232,10.7207,30.5099,4.2507,13.171,33.4143
2022-10-30,3.83908,11.0036,32.0141,4.23546,13.0862,33.3296
2022-11-06,3.79564,10.6444,32.3877,4.22013,12.9938,33.2615
2022-11-13,3.86656,10.7943,33.193,4.20287,12.8893,33.1922
2022-11-20,3.96393,11.2059,33.5951,4.18835,12.7959,33.1413
2022-11-27,4.00173,11.1776,34.0849,4.17554,12.7106,33.1061
2022-12-04,4.02999,11.289,34.2233,4.16457,12.6317,33.0894
2022-12-11,3.95438,11.06,33.6799,4.15285,12.549,33.0711
2022-12-18,3.95073,11.0175,33.6405,4.13867,12.4609,33.0314
2022-12-25,3.83699,10.5553,33.043,4.12313,12.3701,32.9832
2023-01-01,3.82531,10.3778,33.1213,4.10683,12.2766,32.9307
2023-01-08,3.84507,10.4301,33.2417,4.09186,12.193,32.878
2023-01-15,3.95264,10.878,33.9375,4.07757,12.1133,32.8301
2023-01-22,3.94782,11.0112,33.407,4.06508,12.0438,32.7908
2023-01-29,4.03679,11.4292,33.807,4.05666,11.9935,32.7705
2023-02-05,4.10596,11.8005,33.9752,4.0499,11.9508,32.7579
2023-02-12,4.11298,11.8839,33.9132,4.04219,11.9072,32.7323
2023-02-19,4.1181,11.9131,33.9974,4.03485,11.8633,32.7095
2023-02-26,3.99269,11.4962,33.0364,4.02864,11.8262,32.6927
2023-03-05,3.98615,11.4908,32.9204,4.02262,11.7901,32.6803
2023-03-12,3.96134,11.4519,32.6502,4.0162,11.753,32.6694
2023-03-19,3.90878,11.4798,31.9915,4.00966,11.7211,32.6493
2023-03-26,3.96222,11.7634,32.2356,4.00106,11.6848,32.609
2023-04-02,4.02735,11.9293,32.7354,3.99039,11.6385,32.5625
2023-04-09,4.10513,12.1001,33.4929,3.98179,11.5979,32.5325
2023-04-16,4.11877,12.0671,33.7668,3.97483,11.5642,32.5151
2023-04-23,4.1448,12.1201,33.8913,3.96916,11.5369,32.5031
2023-04-30,4.1139,12.0119,33.7265,3.96446,11.5146,32.4901
2023-05-07,4.11513,12.1041,33.5905,3.9628,11.5041,32.496
2023-05-14,4.12993,12.2712,33.4644,3.96256,11.5026,32.5065
2023-05-21,4.159,12.5111,33.3488,3.96553,11.5178,32.5312
2023-05-28,4.16204,12.6878,33,3.96973,11.54,32.5601
2023-06-04,4.22219,13.0736,33.1938,3.97238,11.5615,32.5698
2023-06-11,4.28359,13.2217,33.7023,3.97476,11.5807,32.5795
2023-06-18,4.38319,13.6268,34.193,3.98186,11.617,32.6194
2023-06-25,4.37115,13.5732,33.9199,3.99356,11.666,32.6868
2023-07-02,4.38618,13.5725,34.0048,4.00337,11.7064,32.7405
2023-07-09,4.42824,13.737,34.0911,4.01408,11.7512,32.797
2023-07-16,4.46728,13.9235,34.2915,4.02435,11.7932,32.8494
2023-07-23,4.54294,14.2105,35.0103,4.03789,11.8485,32.9217
2023-07-30,4.5617,14.1395,35.4223,4.04984,11.8946,32.9908
2023-08-06,4.5318,14.0945,35.3508,4.05983,11.9353,33.051
2023-08-13,4.48368,13.7933,35.2737,4.06692,11.9612,33.1008
2023-08-20,4.4144,13.5003,34.7991,4.07141,11.9767,33.1329
2023-08-27,4.40107,13.5558,34.3344,4.07444,11.9898,33.1477
2023-09-03,4.49385,13.947,34.7725,4.08123,12.0187,33.1847
2023-09-10,4.46774,13.8509,34.5406,4.09063,12.0573,33.2395
2023-09-17,4.47444,13.8279,34.6821,4.09899,12.0921,33.2916
2023-09-24,4.38995,13.4587,34.3234,4.1092,12.1323,33.3599
2023-10-01,4.29465,13.1697,33.67,4.12037,12.1744,33.4371
2023-10-08,4.26966,13.2509,33.2185,4.13234,12.2213,33.5159
2023-10-15,4.34965,13.5376,33.69,4.14481,12.2728,33.5918
2023-10-22,4.31272,13.3172,33.6377,4.15891,12.3308,33.6718
2023-10-29,4.18122,12.8436,32.8631,4.16891,12.3753,33.7187
2023-11-05,4.25492,13.0949,33.4314,4.17593,12.4133,33.7358
2023-11-12,4.37795,13.6257,34.1072,4.18696,12.4704,33.7652
2023-11-19,4.48648,14.041,34.8099,4.19767,12.5286,33.7886
2023-11-26,4.55038,14.2503,35.2256,4.20778,12.5824,33.8141
2023-12-03,4.56367,14.2625,35.6755,4.21773,12.6375,33.8388
2023-12-10,4.57525,14.2612,36.1497,4.22856,12.6962,33.8761
2023-12-17,4.68239,14.6551,36.9253,4.24175,12.7633,33.9304
2023-12-24,4.74173,14.9286,37.3473,4.25794,12.8421,34.0075
2023-12-31,4.77738,15.0701,37.6504,4.27448,12.9225,34.0865
2024-01-07,4.70839,14.5981,37.5129,4.28892,12.9922,34.1574
2024-01-14,4.77351,14.9228,37.6416,4.30466,13.0685,34.2331
2024-01-21,4.78148,15.0416,37.49,4.31918,13.1407,34.2968
2024-01-28,4.87374,15.4468,37.9744,4.33491,13.2165,34.3747
2024-02-04,4.91267,15.4585,38.4251,4.35194,13.2962,34.4619
2024-02-11,4.98332,15.7495,38.5954,4.36834,13.3696,34.5517
2024-02-18,5.00219,15.8278,38.5791,4.38589,13.4479,34.644
2024-02-25,5.03328,15.8125,38.8442,4.40225,13.5182,34.7309
2024-03-03,5.09016,16.0652,39.0149,4.4216,13.5984,34.8382
2024-03-10,5.11908,16.1074,38.75,4.44377,13.6896,34.955
2024-03-17,5.14522,16.1129,38.8878,4.46762,13.7833,35.0821
2024-03-24,5.20565,16.2941,39.3341,4.49231,13.8749,35.2206
2024-03-31,5.23115,16.3698,39.5409,4.5149,13.9573,35.3502
2024-04-07,5.20252,16.2425,39.0731,4.53608,14.035,35.4673
2024-04-14,5.17908,16.2697,38.5361,4.55766,14.1174,35.5722
2024-04-21,5.02276,15.6634,37.8098,4.57669,14.1942,35.6547
2024-04-28,5.06023,15.6801,38.306,4.59449,14.2639,35.7404
2024-05-05,5.07245,15.8487,38.2013,4.61334,14.3381,35.8284
2024-05-12,5.19857,16.3343,39.1387,4.6338,14.4181,35.9312
2024-05-19,5.27532,16.6052,39.7541,4.65583,14.5007,36.0527
2024-05-26,5.30182,16.8172,39.4971,4.67841,14.5841,36.1804
2024-06-02,5.27149,16.8531,38.523,4.6984,14.658,36.2857
2024-06-09,5.32574,17.036,38.755,4.7173,14.7256,36.3808
2024-06-16,5.4045,17.5002,38.7128,4.73855,14.8051,36.4792
2024-06-23,5.47451,17.7826,38.9745,4.75762,14.8784,36.5617
2024-06-30,5.46768,17.7222,39.1868,4.77725,14.9525,36.656
2024-07-07,5.52208,18.1123,39.2963,4.79672,15.0292,36.7474
2024-07-14,5.59673,18.4325,39.6226,4.81724,15.1121,36.8433
2024-07-21,5.58726,18.1154,40.6634,4.83947,15.1971,36.9604
2024-07-28,5.48112,17.5774,40.2304,4.85885,15.269,37.0648
2024-08-04,5.4431,17.2175,40.4423,4.87651,15.3316,37.164
2024-08-11,5.25787,16.4336,39.0817,4.89213,15.3836,37.2461
2024-08-18,5.4663,17.2774,40.0708,4.91008,15.4463,37.3338
2024-08-25,5.60629,17.822,40.902,4.93321,15.53,37.4533
2024-09-01,5.61504,17.6533,41.2961,4.95693,15.6115,37.5865
2024-09-08,5.49021,17.0098,40.7533,4.97592,15.6715,37.6999
2024-09-15,5.5485,17.3119,40.9838,4.99432,15.7293,37.8107
2024-09-22,5.66042,17.7512,41.764,5.01727,15.8053,37.9457
2024-09-29,5.73146,18.0882,42.1471,5.044,15.897,38.1017
2024-10-06,5.72636,18.0162,42.2096,5.07269,15.9939,38.2733
2024-10-13,5.76684,18.2047,42.3729,5.10144,16.0885,38.4496
2024-10-20,5.84474,18.4097,43.0797,5.13062,16.1844,38.6303
2024-10-27,5.82412,18.4648,42.572,5.1615,16.2883,38.818
2024-11-03,5.78087,18.4446,42.1156,5.19381,16.4009,39.0038
2024-11-10,5.87863,18.8318,43.0929,5.22371,16.5055,39.1783
2024-11-17,5.9581,19.1197,43.8716,5.25492,16.6143,39.3698
2024-11-24,5.92915,18.9443,43.6468,5.28304,16.7103,39.5415
2024-12-01,6.01003,19.1273,44.8074,5.30855,16.7961,39.7041
2024-12-08,6.06978,19.6361,44.782,5.335,16.8887,39.8636
2024-12-15,6.05486,19.8577,44.1081,5.36419,16.9969,40.0258
2024-12-22,5.95896,19.7242,42.9353,5.39028,17.099,40.1526
2024-12-29,6.00563,19.8846,43.1305,5.41204,17.1844,40.2514
2025-01-05,5.8999,19.425,42.5606,5.43059,17.2571,40.3329
2025-01-12,5.90742,19.4988,42.4521,5.44968,17.3348,40.4129
2025-01-19,5.91261,19.3224,42.9356,5.46954,17.4126,40.5019
2025-01-26,6.08889,19.9435,44.293,5.4915,17.4951,40.6125
2025-02-02,6.0462,19.6034,44.7408,5.51264,17.5709,40.7311
2025-02-09,6.0407,19.6107,44.5805,5.53509,17.6535,40.8554
2025-02-16,6.08332,19.7961,44.538,5.55661,17.7322,40.9731
2025-02-23,6.10109,19.896,44.1972,5.57641,17.8056,41.0784
2025-03-02,5.94213,18.9561,43.5192,5.59356,17.8674,41.1641
2025-03-09,5.79584,18.2907,42.8199,5.60874,17.9164,41.2463
2025-03-16,5.58928,17.522,41.3996,5.61953,17.9497,41.31
2025-03-23,5.6591,17.7079,41.8652,5.62907,17.9797,41.3637
2025-03-30,5.70613,17.8973,42.3018,5.63915,18.0123,41.4224
2025-04-06,5.4773,16.8977,41.0156,5.64651,18.0324,41.4675
2025-04-13,5.22667,16.2216,39.2052,5.64733,18.0315,41.4742
2025-04-20,5.34025,16.5621,39.9263,5.65063,18.0388,41.5037
2025-04-27,5.36636,16.6857,39.4342,5.65552,18.0519,41.5281
2025-05-04,5.58989,17.5925,40.699,5.66481,18.0848,41.5684
2025-05-11,5.64248,17.8258,41.1559,5.67576,18.1225,41.624
2025-05-18,5.89973,19.0377,42.3158,5.68764,18.1664,41.6786
2025-05-25,5.8787,18.9787,42.1584,5.70031,18.2157,41.7309
2025-06-01,5.90849,19.1474,42.232,5.71058,18.2554,41.7757
2025-06-08,5.96336,19.3861,42.4671,5.72244,18.2986,41.8426
2025-06-15,6.01783,19.5983,42.732,5.73587,18.3485,41.921
2025-06-22,5.99113,19.554,42.2773,5.74667,18.386,41.9876
2025-06-29,6.10472,19.9917,43.1719,5.75703,18.4219,42.055
2025-07-06,6.22743,20.3917,44.4757,5.76974,18.4669,42.1405
2025-07-13,6.25179,20.5317,44.4255,5.78273,18.5098,42.2336
2025-07-20,6.27403,20.766,44.3129,5.79595,18.554,42.3263
2025-07-27,6.34522,21.0106,44.6863,5.81032,18.6095,42.4036
2025-08-03,6.34019,21.0358,44.3303,5.82791,18.6797,42.4906
2025-08-10,6.34073,21.1665,44.1245,5.84578,18.7568,42.5663
2025-08-17,6.44083,21.6228,44.6427,5.86794,18.8546,42.6678
2025-08-24,6.41868,21.3429,45.0379,5.88711,18.9382,42.7635
2025-08-31,6.46976,21.5489,45.4895,5.90389,19.0107,42.8515
2025-09-07,6.46185,21.5464,45.3973,5.91915,19.08,42.9272
2025-09-14,6.49515,21.7987,45.5149,5.9284,19.1242,42.9704
