date,weekly,1M
1988-01-02,465.503,
1988-01-09,654.62,
1988-01-16,577.975,
1988-01-23,412.685,527.696
1988-01-30,394.776,510.014
1988-02-06,380.906,441.586
1988-02-13,334.833,380.8
1988-02-20,315.497,356.503
1988-02-27,324.517,338.938
1988-03-05,312.409,321.814
1988-03-12,294.321,311.686
1988-03-19,275.545,301.698
1988-03-26,269,287.819
1988-04-02,256.607,273.868
1988-04-09,319.713,280.216
1988-04-16,273.16,279.62
1988-04-23,272.44,280.48
1988-04-30,247.619,278.233
1988-05-07,267.315,265.133
1988-05-14,257.101,261.119
1988-05-21,259.64,257.919
1988-05-28,255.852,259.977
1988-06-04,235.308,251.975
1988-06-11,268.052,254.713
1988-06-18,264.1,255.828
1988-06-25,268.77,259.057
1988-07-02,290.079,272.75
1988-07-09,335.78,289.682
1988-07-16,377.872,318.125
1988-07-23,384.92,347.163
1988-07-30,311.475,352.512
1988-08-06,293.718,341.996
1988-08-13,261.066,312.795
1988-08-20,253.359,279.904
1988-08-27,241.809,262.488
1988-09-03,243.944,250.044
1988-09-10,220.226,239.834
1988-09-17,247.25,238.307
1988-09-24,236.23,236.912
1988-10-01,226.453,232.54
1988-10-08,276.732,246.666
1988-10-15,237.722,244.284
1988-10-22,264.201,251.277
1988-10-29,265.794,261.112
1988-11-05,293.412,265.282
1988-11-12,257.201,270.152
1988-11-19,335.818,288.056
1988-11-26,281.841,292.068
1988-12-03,391.406,316.566
1988-12-10,354.028,340.773
1988-12-17,354.768,345.511
1988-12-24,413.175,378.344
1988-12-31,474.226,399.049
1989-01-07,544.138,446.577
1989-01-14,519.727,487.817
1989-01-21,364.499,475.648
1989-01-28,361.331,447.424
1989-02-04,340.647,396.551
1989-02-11,365.301,357.945
1989-02-18,317.676,346.239
1989-02-25,288.69,328.079
1989-03-04,333.669,326.334
1989-03-11,325.019,316.264
1989-03-18,291.112,309.623
1989-03-25,276.369,306.542
1989-04-01,275.799,292.075
1989-04-08,321.723,291.251
1989-04-15,275.24,287.283
1989-04-22,271.002,285.941
1989-04-29,247.646,278.903
1989-05-06,275.425,267.328
1989-05-13,275.507,267.395
1989-05-20,260.543,264.78
1989-05-27,266.146,269.405
1989-06-03,243.246,261.361
1989-06-10,295.499,266.359
1989-06-17,285.589,272.62
1989-06-24,295.338,279.918
1989-07-01,319.577,299.001
1989-07-08,364.594,316.274
1989-07-15,423.847,350.839
1989-07-22,365.026,368.261
1989-07-29,320.773,368.56
1989-08-05,311.584,355.308
1989-08-12,291.429,322.203
1989-08-19,261.419,296.301
1989-08-26,254.488,279.73
1989-09-02,259.54,266.719
1989-09-09,239.989,253.859
1989-09-16,271.903,256.48
1989-09-23,262.895,258.582
1989-09-30,265.31,260.024
1989-10-07,375.972,294.02
1989-10-14,284.584,297.19
1989-10-21,315.473,310.335
1989-10-28,317.538,323.392
1989-11-04,336.759,313.589
1989-11-11,303.556,318.332
1989-11-18,377.814,333.917
1989-11-25,316.458,333.647
1989-12-02,443.684,360.378
1989-12-09,426.514,391.118
1989-12-16,420.795,401.863
1989-12-23,534.261,456.314
1989-12-30,515.926,474.374
1990-01-06,581.679,513.165
1990-01-13,730.995,590.715
1990-01-20,485.424,578.506
1990-01-27,440.748,559.712
1990-02-03,432.922,522.522
1990-02-10,429.764,447.215
1990-02-17,364.616,417.013
1990-02-24,341.969,392.318
1990-03-03,361.937,374.572
1990-03-10,355.935,356.114
1990-03-17,325.164,346.251
1990-03-24,306.391,337.357
1990-03-31,297.117,321.152
1990-04-07,372.079,325.188
1990-04-14,315.624,322.803
1990-04-21,324.936,327.439
1990-04-28,294.785,326.856
1990-05-05,304.16,309.876
1990-05-12,299.266,305.787
1990-05-19,287.082,296.323
1990-05-26,295.476,296.496
1990-06-02,273.91,288.934
1990-06-09,321.727,294.549
1990-06-16,305.69,299.201
1990-06-23,316.999,304.582
1990-06-30,326.407,317.706
1990-07-07,419.256,342.088
1990-07-14,448.952,377.904
1990-07-21,407.676,400.573
1990-07-28,353.149,407.258
1990-08-04,336.997,386.694
1990-08-11,330.678,357.125
1990-08-18,313.804,333.657
1990-08-25,302.267,320.937
1990-09-01,305.51,313.065
1990-09-08,277.768,299.837
1990-09-15,323.246,302.198
1990-09-22,306.549,303.268
1990-09-29,308.08,303.911
1990-10-06,361.538,324.853
1990-10-13,356.203,333.092
1990-10-20,387.444,353.316
1990-10-27,394.598,374.946
1990-11-03,424.771,390.754
1990-11-10,463.874,417.672
1990-11-17,433.003,429.062
1990-11-24,422.676,436.081
1990-12-01,568.583,472.034
1990-12-08,574.323,499.646
1990-12-15,523.403,522.246
1990-12-22,637.449,575.94
1990-12-29,649.471,596.162
1991-01-05,651.775,615.525
1991-01-12,872.742,702.859
1991-01-19,691.092,716.27
1991-01-26,511.36,681.742
1991-02-02,563.06,659.563
1991-02-09,574.76,585.068
1991-02-16,498.2,536.845
1991-02-23,492.325,532.086
1991-03-02,504.023,517.327
1991-03-09,514.41,502.239
1991-03-16,470.801,495.39
1991-03-23,477.877,491.778
1991-03-30,412.904,468.998
1991-04-06,448.082,452.416
1991-04-13,459.364,449.557
1991-04-20,433.912,438.565
1991-04-27,385.153,431.628
1991-05-04,384.458,415.722
1991-05-11,382.113,396.409
1991-05-18,366.492,379.554
1991-05-25,365.117,374.545
1991-06-01,320.632,358.588
1991-06-08,397.682,362.481
1991-06-15,369.074,363.126
1991-06-22,371.232,364.655
1991-06-29,370.372,377.09
1991-07-06,427.161,384.46
1991-07-13,517.888,421.663
1991-07-20,454.655,442.519
1991-07-27,408.098,451.95
1991-08-03,397.522,444.541
1991-08-10,385.74,411.504
1991-08-17,344.969,384.082
1991-08-24,329.287,364.379
1991-08-31,328.04,347.009
1991-09-07,302.187,326.121
1991-09-14,342.419,325.483
1991-09-21,333.11,326.439
1991-09-28,334.206,327.98
1991-10-05,366.862,344.149
1991-10-12,388.37,355.637
1991-10-19,344.189,358.407
1991-10-26,380.253,369.918
1991-11-02,427.789,385.15
1991-11-09,473.432,406.416
1991-11-16,417.766,424.81
1991-11-23,503.032,455.505
1991-11-30,433.18,456.853
1991-12-07,610.113,491.023
1991-12-14,554.059,525.096
1991-12-21,555.747,538.275
1991-12-28,625.772,586.423
1992-01-04,652.046,596.906
1992-01-11,882.118,678.921
1992-01-18,687.914,711.962
1992-01-25,504.838,681.729
1992-02-01,508.594,645.866
1992-02-08,537.238,559.646
1992-02-15,469.794,505.116
1992-02-22,429.723,486.337
1992-02-29,454.987,472.936
1992-03-07,434.426,447.233
1992-03-14,417.282,434.105
1992-03-21,413.18,429.969
1992-03-28,370.883,408.943
1992-04-04,393.384,398.682
1992-04-11,412.948,397.599
1992-04-18,366.621,385.959
1992-04-25,364.454,384.352
1992-05-02,363.794,376.954
1992-05-09,364.1,364.742
1992-05-16,341.425,358.443
1992-05-23,343.432,353.188
1992-05-30,305.08,338.509
1992-06-06,374.978,341.229
1992-06-13,369.067,348.139
1992-06-20,369.995,354.78
1992-06-27,370.373,371.103
1992-07-04,395.505,376.235
1992-07-11,506.05,410.481
1992-07-18,452.468,431.099
1992-07-25,554.59,477.153
1992-08-01,382.138,473.812
1992-08-08,366.092,438.822
1992-08-15,322.729,406.387
1992-08-22,312.436,345.849
1992-08-29,309.806,327.766
1992-09-05,339.006,320.994
1992-09-12,299.189,315.109
1992-09-19,345.093,323.274
1992-09-26,315.455,324.686
1992-10-03,326.938,321.669
1992-10-10,353.504,335.248
1992-10-17,310.235,326.533
1992-10-24,333.005,330.92
1992-10-31,331.922,332.166
1992-11-07,392.213,341.844
1992-11-14,348.011,351.288
1992-11-21,401.972,368.529
1992-11-28,317.218,364.853
1992-12-05,449.726,379.232
1992-12-12,424.677,398.398
1992-12-19,396.619,397.06
1992-12-26,392.612,415.908
1993-01-02,487.466,425.343
1993-01-09,704.93,495.407
1993-01-16,558.516,535.881
1993-01-23,410.944,540.464
1993-01-30,397,517.847
1993-02-06,384.707,437.792
1993-02-13,344.52,384.293
1993-02-20,345.116,367.836
1993-02-27,367.412,360.439
1993-03-06,364.185,355.308
1993-03-13,335.154,352.967
1993-03-20,315.473,345.556
1993-03-27,330.512,336.331
1993-04-03,331.871,328.252
1993-04-10,346.648,331.126
1993-04-17,321.564,332.649
1993-04-24,310.916,327.75
1993-05-01,285.098,316.056
1993-05-08,301.906,304.871
1993-05-15,287.944,296.466
1993-05-22,285.444,290.098
1993-05-29,291.206,291.625
1993-06-05,273.411,284.501
1993-06-12,308.535,289.649
1993-06-19,304.843,294.499
1993-06-26,301.549,297.084
1993-07-03,334.335,312.315
1993-07-10,362.425,325.788
1993-07-17,402.348,350.164
1993-07-24,418.26,379.342
1993-07-31,320.155,375.797
1993-08-07,314.579,363.835
1993-08-14,277.263,332.564
1993-08-21,270.913,295.727
1993-08-28,254.231,279.246
1993-09-04,270.528,268.234
1993-09-11,238.902,258.643
1993-09-18,280.903,261.141
1993-09-25,265.51,263.961
1993-10-02,263.636,262.238
1993-10-09,338.726,287.194
1993-10-16,288.699,289.143
1993-10-23,321.509,303.142
1993-10-30,309.359,314.573
1993-11-06,365.28,321.212
1993-11-13,310.455,326.651
1993-11-20,377.935,340.757
1993-11-27,306.788,340.114
1993-12-04,431.21,356.597
1993-12-11,398.56,378.623
1993-12-18,382.583,379.785
1993-12-25,398.084,402.609
1994-01-01,481.735,415.24
1994-01-08,676.076,484.619
1994-01-15,571.816,531.928
1994-01-22,427.57,539.299
1994-01-29,481.458,539.23
1994-02-05,429.8,477.661
1994-02-12,385.594,431.106
1994-02-19,368.626,416.37
1994-02-26,307.194,372.804
1994-03-05,355.25,354.166
1994-03-12,331.023,340.523
1994-03-19,308.038,325.376
1994-03-26,292.661,321.743
1994-04-02,289.631,305.338
1994-04-09,361.348,312.92
1994-04-16,327.166,317.702
1994-04-23,298.62,319.191
1994-04-30,285.837,318.243
1994-05-07,332.414,311.009
1994-05-14,303.19,305.015
1994-05-21,299.324,305.191
1994-05-28,291.797,306.681
1994-06-04,273.849,292.04
1994-06-11,309.033,293.501
1994-06-18,298.198,293.219
1994-06-25,305.863,296.736
1994-07-02,327.262,310.089
1994-07-09,394.428,331.438
1994-07-16,443.698,367.813
1994-07-23,354.495,379.971
1994-07-30,295.979,372.15
1994-08-06,304.363,349.634
1994-08-13,277.614,308.113
1994-08-20,262.131,285.022
1994-08-27,257.299,275.352
1994-09-03,270.561,266.901
1994-09-10,237.526,256.879
1994-09-17,264.553,257.485
1994-09-24,251.191,255.958
1994-10-01,255.588,252.215
1994-10-08,322.522,273.464
1994-10-15,272.742,275.511
1994-10-22,296.646,286.875
1994-10-29,291.557,295.867
1994-11-05,338.561,299.877
1994-11-12,298.03,306.199
1994-11-19,366.719,323.717
1994-11-26,295.729,324.76
1994-12-03,412.824,343.326
1994-12-10,397.238,368.128
1994-12-17,376.21,370.5
1994-12-24,423.387,402.415
1994-12-31,482.735,419.893
1995-01-07,612.648,473.745
1995-01-14,608.872,531.911
1995-01-21,400.772,526.257
1995-01-28,396.457,504.687
1995-02-04,381.813,446.979
1995-02-11,387.408,391.613
1995-02-18,356.237,380.479
1995-02-25,316.927,360.596
1995-03-04,342.015,350.647
1995-03-11,339.58,338.69
1995-03-18,319.218,329.435
1995-03-25,305.471,326.571
1995-04-01,294.031,314.575
1995-04-08,356.914,318.909
1995-04-15,318.03,318.612
1995-04-22,317.072,321.512
1995-04-29,305.594,324.403
1995-05-06,325.398,316.524
1995-05-13,311.646,314.928
1995-05-20,316.305,314.736
1995-05-27,314.442,316.948
1995-06-03,286.566,307.24
1995-06-10,340.606,314.48
1995-06-17,337.812,319.857
1995-06-24,324.411,322.349
1995-07-01,341.207,336.009
1995-07-08,428.632,358.016
1995-07-15,491.891,396.535
1995-07-22,409.319,417.762
1995-07-29,311.708,410.388
1995-08-05,310.703,380.905
1995-08-12,296.712,332.111
1995-08-19,286.017,301.285
1995-08-26,272.182,291.404
1995-09-02,278.703,283.404
1995-09-09,266.145,275.762
1995-09-16,304.323,280.338
1995-09-23,272.431,280.401
1995-09-30,269.067,277.992
1995-10-07,345.311,297.783
1995-10-14,306.465,298.319
1995-10-21,322.856,310.925
1995-10-28,332.061,326.673
1995-11-04,383.687,336.267
1995-11-11,335.181,343.446
1995-11-18,425.889,369.205
1995-11-25,336.269,370.257
1995-12-02,474.548,392.972
1995-12-09,421.109,414.454
1995-12-16,423.45,413.844
1995-12-23,490.349,452.364
1995-12-30,513.686,462.149
1996-01-06,596.01,505.874
1996-01-13,637.91,559.489
1996-01-20,510.82,564.607
1996-01-27,492.966,559.427
1996-02-03,433.693,518.847
1996-02-10,440.961,469.61
1996-02-17,395.332,440.738
1996-02-24,347.053,404.26
1996-03-02,368.044,387.848
1996-03-09,355.818,366.562
1996-03-16,357.07,356.996
1996-03-23,396.731,369.416
1996-03-30,342.023,362.911
1996-04-06,353.032,362.214
1996-04-13,343.654,358.86
1996-04-20,336.033,343.686
1996-04-27,291.957,331.169
1996-05-04,298.195,317.46
1996-05-11,303.532,307.429
1996-05-18,287.891,295.394
1996-05-25,287.622,294.31
1996-06-01,266.116,286.29
1996-06-08,329.099,292.682
1996-06-15,307.141,297.495
1996-06-22,312.226,303.646
1996-06-29,315.615,316.02
1996-07-06,382.989,329.493
1996-07-13,449.51,365.085
1996-07-20,360.385,377.125
1996-07-27,294.762,371.912
1996-08-03,283.216,346.968
1996-08-10,285.795,306.04
1996-08-17,265.742,282.379
1996-08-24,259.677,273.608
1996-08-31,251.425,265.66
1996-09-07,238.893,253.934
1996-09-14,272.464,255.615
1996-09-21,273.232,259.004
1996-09-28,261.251,261.46
1996-10-05,292.029,274.744
1996-10-12,306.521,283.258
1996-10-19,271.934,282.934
1996-10-26,311.965,295.612
1996-11-02,320.827,302.812
1996-11-09,340.24,311.242
1996-11-16,330.73,325.941
1996-11-23,383.512,343.827
1996-11-30,328.186,345.667
1996-12-07,444.305,371.683
1996-12-14,404.436,390.11
1996-12-21,429.566,401.623
1996-12-28,520.65,449.739
1997-01-04,541.21,473.966
1997-01-11,654.473,536.475
1997-01-18,513.913,557.562
1997-01-25,385.31,523.726
1997-02-01,380.099,483.449
1997-02-08,370.766,412.522
1997-02-15,320.374,364.137
1997-02-22,309.202,345.11
1997-03-01,317.339,329.42
1997-03-08,314.787,315.426
1997-03-15,296.698,309.507
1997-03-22,291.463,305.072
1997-03-29,268.823,292.943
1997-04-05,311.186,292.043
1997-04-12,329.663,300.284
1997-04-19,286.593,299.066
1997-04-26,295.166,305.652
1997-05-03,295.629,301.763
1997-05-10,278.052,288.86
1997-05-17,267.251,284.024
1997-05-24,264.697,276.407
1997-05-31,248.167,264.542
1997-06-07,309.928,272.511
1997-06-14,302.577,281.342
1997-06-21,290.72,287.848
1997-06-28,298.299,300.381
1997-07-05,372.574,316.043
1997-07-12,434.598,349.048
1997-07-19,339.25,361.18
1997-07-26,281.794,357.054
1997-08-02,273.471,332.278
1997-08-09,289.083,295.899
1997-08-16,272.91,279.315
1997-08-23,255.236,272.675
1997-08-30,250.205,266.859
1997-09-06,224.948,250.825
1997-09-13,253.456,245.961
1997-09-20,246.061,243.667
1997-09-27,237.214,240.42
1997-10-04,260.705,249.359
1997-10-11,286.436,257.604
1997-10-18,255.634,259.997
1997-10-25,272.593,268.842
1997-11-01,293.086,276.937
1997-11-08,322.842,286.039
1997-11-15,311.499,300.005
1997-11-22,341.845,317.318
1997-11-29,309.788,321.494
1997-12-06,402.699,341.458
1997-12-13,374.107,357.11
1997-12-20,368.823,363.854
1997-12-27,445.345,397.744
1998-01-03,479.854,417.032
1998-01-10,682.016,494.01
1998-01-17,512.837,530.013
1998-01-24,355.092,507.45
1998-01-31,357.976,476.98
1998-02-07,368.113,398.505
1998-02-14,328.354,352.384
1998-02-21,313.367,341.953
1998-02-28,313.48,330.829
1998-03-07,305.542,315.186
1998-03-14,298.302,307.673
1998-03-21,293.692,302.754
1998-03-28,272.808,292.586
1998-04-04,288.484,288.322
1998-04-11,294.014,287.25
1998-04-18,288.059,285.841
1998-04-25,278.22,287.194
1998-05-02,261.089,280.346
1998-05-09,270.108,274.369
1998-05-16,262.107,267.881
1998-05-23,259.125,263.107
1998-05-30,248.55,259.973
1998-06-06,289.495,264.819
1998-06-13,293.195,272.591
1998-06-20,322.017,288.314
1998-06-27,348.842,313.387
1998-07-04,379.734,335.947
1998-07-11,428.977,369.892
1998-07-18,364.767,380.58
1998-07-25,314.782,372.065
1998-08-01,277.621,346.537
1998-08-08,279.621,309.198
1998-08-15,246.823,279.712
1998-08-22,237.999,260.516
1998-08-29,233.516,249.49
1998-09-05,255.938,243.569
1998-09-12,217.454,236.227
1998-09-19,237.609,236.129
1998-09-26,220.668,232.917
1998-10-03,246.284,230.504
1998-10-10,300.862,251.356
1998-10-17,257.172,256.247
1998-10-24,275.574,269.973
1998-10-31,281.932,278.885
1998-11-07,332.611,286.822
1998-11-14,315.504,301.405
1998-11-21,338.501,317.137
1998-11-28,295.041,320.414
1998-12-05,421.605,342.663
1998-12-12,355.872,352.755
1998-12-19,344.452,354.243
1998-12-26,442.2,391.032
1999-01-02,508.983,412.877
1999-01-09,713.805,502.36
1999-01-16,514.082,544.768
1999-01-23,364.737,525.402
1999-01-30,349.733,485.589
1999-02-06,344.947,393.375
1999-02-13,320.679,345.024
1999-02-20,286.13,325.372
1999-02-27,297.918,312.419
1999-03-06,297.325,300.513
1999-03-13,289.813,292.797
1999-03-20,275.453,290.127
1999-03-27,260.817,280.852
1999-04-03,263.516,272.4
1999-04-10,327.621,281.852
1999-04-17,286.018,284.493
1999-04-24,263.835,285.248
1999-05-01,252.19,282.416
1999-05-08,274.268,269.078
1999-05-15,251.063,260.339
1999-05-22,250.36,256.97
1999-05-29,260.517,259.052
1999-06-05,256.922,254.716
1999-06-12,267.582,258.845
1999-06-19,267.825,263.212
1999-06-26,269.755,265.521
1999-07-03,303.758,277.23
1999-07-10,364.078,301.354
1999-07-17,369.123,326.679
1999-07-24,293.348,332.577
1999-07-31,254.195,320.186
1999-08-07,259.805,294.118
1999-08-14,236.658,261.002
1999-08-21,226.061,244.18
1999-08-28,219.278,235.451
1999-09-04,235.849,229.462
1999-09-11,204.302,221.373
1999-09-18,219.07,219.625
1999-09-25,232.486,222.927
1999-10-02,246.445,225.576
1999-10-09,278.925,244.232
1999-10-16,234.58,248.109
1999-10-23,250.864,252.704
1999-10-30,257.767,255.534
1999-11-06,297.136,260.087
1999-11-13,262.607,267.094
1999-11-20,309.248,281.69
1999-11-27,268.255,284.312
1999-12-04,378.735,304.711
1999-12-11,318.175,318.603
1999-12-18,329.649,323.704
1999-12-25,377.695,351.064
2000-01-01,439.912,366.358
2000-01-08,606.897,438.538
2000-01-15,442.494,466.75
2000-01-22,328.841,454.536
2000-01-29,332.74,427.743
2000-02-05,365.245,367.33
2000-02-12,311.897,334.681
2000-02-19,281.256,322.785
2000-02-26,258.962,304.34
2000-03-04,283.024,283.785
2000-03-11,255.109,269.588
2000-03-18,242.139,259.809
2000-03-25,239.835,255.027
2000-04-01,229.52,241.651
2000-04-08,274.13,246.406
2000-04-15,237.218,245.176
2000-04-22,240.266,245.284
2000-04-29,249.458,250.268
2000-05-06,259.546,246.622
2000-05-13,231.706,245.244
2000-05-20,234.599,243.827
2000-05-27,239.836,241.422
2000-06-03,242.991,237.283
2000-06-10,267.752,246.295
2000-06-17,265.617,254.049
2000-06-24,273.344,262.426
2000-07-01,280.979,271.923
2000-07-08,363.793,295.933
2000-07-15,377.982,324.025
2000-07-22,296.255,329.752
2000-07-29,253.466,322.874
2000-08-05,266.151,298.464
2000-08-12,261.358,269.308
2000-08-19,251.844,258.205
2000-08-26,239.03,254.596
2000-09-02,242.375,248.652
2000-09-09,229.954,240.801
2000-09-16,245.991,239.338
2000-09-23,222.219,235.135
2000-09-30,227.249,231.353
2000-10-07,292.784,247.061
2000-10-14,255.082,249.334
2000-10-21,263.445,259.64
2000-10-28,269.489,270.2
2000-11-04,342.414,282.608
2000-11-11,294.727,292.519
2000-11-18,374.16,320.198
2000-11-25,321.859,333.29
2000-12-02,447.262,359.502
2000-12-09,390.088,383.342
2000-12-16,402.476,390.421
2000-12-23,481.72,430.387
2000-12-30,568.973,460.814
2001-01-06,558.768,502.984
2001-01-13,599.562,552.256
2001-01-20,398.188,531.373
2001-01-27,447.386,500.976
2001-02-03,424.696,467.458
2001-02-10,396.151,416.605
2001-02-17,345.841,403.519
2001-02-24,357.591,381.07
2001-03-03,379.286,369.717
2001-03-10,377.21,364.982
2001-03-17,351.497,366.396
2001-03-24,334.747,360.685
2001-03-31,328.576,348.008
2001-04-07,397.282,353.026
2001-04-14,346.981,351.897
2001-04-21,369.745,360.646
2001-04-28,353.831,366.96
2001-05-05,336.319,351.719
2001-05-12,331.765,347.915
2001-05-19,338.374,340.072
2001-05-26,346.231,338.172
2001-06-02,335.765,338.034
2001-06-09,397.015,354.346
2001-06-16,354.526,358.384
2001-06-23,351.77,359.769
2001-06-30,375.885,369.799
2001-07-07,526.826,402.252
2001-07-14,524.139,444.655
2001-07-21,406.038,458.222
2001-07-28,332.957,447.49
2001-08-04,341.66,401.199
2001-08-11,333.042,353.424
2001-08-18,317.046,331.176
2001-08-25,307.85,324.9
2001-09-01,319.016,319.239
2001-09-08,309.567,313.37
2001-09-15,317.245,313.42
2001-09-22,353.611,324.86
2001-09-29,400.4,345.206
2001-10-06,441.754,378.253
2001-10-13,426.881,405.662
2001-10-20,429.542,424.644
2001-10-27,436.901,433.77
2001-11-03,443.971,434.324
2001-11-10,456.366,441.695
2001-11-17,420.259,439.374
2001-11-24,438.893,439.872
2001-12-01,605.916,480.359
2001-12-08,491.836,489.226
2001-12-15,440.906,494.388
2001-12-22,529.57,517.057
2001-12-29,647.045,527.339
2002-01-05,637.343,563.716
2002-01-12,799.246,653.301
2002-01-19,558.297,660.483
2002-01-26,431.69,606.644
2002-02-02,445.552,558.696
2002-02-09,438.611,468.538
2002-02-16,376.573,423.107
2002-02-23,367.504,407.06
2002-03-02,385.272,391.99
2002-03-09,386.992,379.085
2002-03-16,352.045,372.953
2002-03-23,366.372,372.67
2002-03-30,386.296,372.926
2002-04-06,432.384,384.274
2002-04-13,428.834,403.472
2002-04-20,385.151,408.166
2002-04-27,367.35,403.43
2002-05-04,362.681,386.004
2002-05-11,358.286,368.367
2002-05-18,348.887,359.301
2002-05-25,346.439,354.073
2002-06-01,309.183,340.699
2002-06-08,378.613,345.781
2002-06-15,356.096,347.583
2002-06-22,358.959,350.713
2002-06-29,358.658,363.082
2002-07-06,456.716,382.607
2002-07-13,506.718,420.263
2002-07-20,394.586,429.17
2002-07-27,338.441,424.115
2002-08-03,326.356,391.525
2002-08-10,332.673,348.014
2002-08-17,313.869,327.835
2002-08-24,314.852,321.938
2002-08-31,310.864,318.065
2002-09-07,318.361,314.487
2002-09-14,337.577,320.414
2002-09-21,317.264,321.017
2002-09-28,319.063,323.066
2002-10-05,365.613,334.879
2002-10-12,385.689,346.907
2002-10-19,349.927,355.073
2002-10-26,375.591,369.205
2002-11-02,397.346,377.138
2002-11-09,427.078,387.486
2002-11-16,372.829,393.211
2002-11-23,436.549,408.451
2002-11-30,385.788,405.561
2002-12-07,547.43,435.649
2002-12-14,486.258,464.006
2002-12-21,483.449,475.731
2002-12-28,620.929,534.517
2003-01-04,620.004,552.66
2003-01-11,724.111,612.123
2003-01-18,542.563,626.902
2003-01-25,434.888,580.392
2003-02-01,449.286,537.712
2003-02-08,439.52,466.564
2003-02-15,398.291,430.496
2003-02-22,387.536,418.658
2003-03-01,429.782,413.782
2003-03-08,414.568,407.544
2003-03-15,389.909,405.449
2003-03-22,361.492,398.938
2003-03-29,371.692,384.415
2003-04-05,394.16,379.313
2003-04-12,434.911,390.564
2003-04-19,399.18,399.986
2003-04-26,401.342,407.398
2003-05-03,377.383,403.204
2003-05-10,364.287,385.548
2003-05-17,362.276,376.322
2003-05-24,359.5,365.862
2003-05-31,351.89,359.488
2003-06-07,421.19,373.714
2003-06-14,383.371,378.988
2003-06-21,376.56,383.253
2003-06-28,394.214,393.834
2003-07-05,483.401,409.387
2003-07-12,552.621,451.699
2003-07-19,429.381,464.904
2003-07-26,348.382,453.446
2003-08-02,333.77,416.039
2003-08-09,348.207,364.935
2003-08-16,312.087,335.612
2003-08-23,313.058,326.781
2003-08-30,319.362,323.179
2003-09-06,322.501,316.752
2003-09-13,328.414,320.834
2003-09-20,301.217,317.874
2003-09-27,304.968,314.275
2003-10-04,337.88,318.12
2003-10-11,368.876,328.235
2003-10-18,328.572,335.074
2003-10-25,352.117,346.861
2003-11-01,345.573,348.785
2003-11-08,397.387,355.912
2003-11-15,347.719,360.699
2003-11-22,397.99,372.167
2003-11-29,357.811,375.227
2003-12-06,486.202,397.431
2003-12-13,412.627,413.658
2003-12-20,424.192,420.208
2003-12-27,516.493,459.879
2004-01-03,552.815,476.532
2004-01-10,677.897,542.849
2004-01-17,490.763,559.492
2004-01-24,382.262,525.934
2004-01-31,406.298,489.305
2004-02-07,433.234,428.139
2004-02-14,341.634,390.857
2004-02-21,328.171,377.334
2004-02-28,342.14,361.295
2004-03-06,339.007,337.738
2004-03-13,312.067,330.346
2004-03-20,304.462,324.419
2004-03-27,296.776,313.078
2004-04-03,304.249,304.389
2004-04-10,350.739,314.057
2004-04-17,334.965,321.682
2004-04-24,313.686,325.91
2004-05-01,283.236,320.657
2004-05-08,292.754,306.16
2004-05-15,297.061,296.684
2004-05-22,293.974,291.756
2004-05-29,304.067,296.964
2004-06-05,308.229,300.833
2004-06-12,313.93,305.05
2004-06-19,322.481,312.177
2004-06-26,318.746,315.847
2004-07-03,349.92,326.269
2004-07-10,444.531,358.92
2004-07-17,394.372,376.892
2004-07-24,313.225,375.512
2004-07-31,282.128,358.564
2004-08-07,291.611,320.334
2004-08-14,262.936,287.475
2004-08-21,274.433,277.777
2004-08-28,276.308,276.322
2004-09-04,274.93,272.152
2004-09-11,250.568,269.06
2004-09-18,275.846,269.413
2004-09-25,282.729,271.018
2004-10-02,279.591,272.184
2004-10-09,338.711,294.219
2004-10-16,279.846,295.219
2004-10-23,317.573,303.93
2004-10-30,305.546,310.419
2004-11-06,351.404,313.592
2004-11-13,311.901,321.606
2004-11-20,355.954,331.201
2004-11-27,320.69,334.987
2004-12-04,473.57,365.529
2004-12-11,370.604,380.205
2004-12-18,374.749,384.903
2004-12-25,446.699,416.406
2005-01-01,540.927,433.245
2005-01-08,693.776,514.038
2005-01-15,467.862,537.316
2005-01-22,360.583,515.787
2005-01-29,364.704,471.731
2005-02-05,347.391,385.135
2005-02-12,309.29,345.492
2005-02-19,303.814,331.3
2005-02-26,290.776,312.818
2005-03-05,332.067,308.987
2005-03-12,307.061,308.43
2005-03-19,290.719,305.156
2005-03-26,291.378,305.306
2005-04-02,294.994,296.038
2005-04-09,339.709,304.2
2005-04-16,285.657,302.935
2005-04-23,299.891,305.063
2005-04-30,290.824,304.02
2005-05-07,297.347,293.43
2005-05-14,275.524,290.897
2005-05-21,276.761,285.114
2005-05-28,304.306,288.485
2005-06-04,289.914,286.626
2005-06-11,315.938,296.73
2005-06-18,289.831,299.997
2005-06-25,286.681,295.591
2005-07-02,327.268,304.93
2005-07-09,427.323,332.776
2005-07-16,374.665,353.984
2005-07-23,295.026,356.071
2005-07-30,261.906,339.73
2005-08-06,269.746,300.336
2005-08-13,257.151,270.957
2005-08-20,252.016,260.205
2005-08-27,251.642,257.639
2005-09-03,271.613,258.106
2005-09-10,322.387,274.415
2005-09-17,346.204,297.962
2005-09-24,292.435,308.16
2005-10-01,313.847,318.718
2005-10-08,380.093,333.145
2005-10-15,303.158,322.383
2005-10-22,304.733,325.458
2005-10-29,294.376,320.59
2005-11-05,340.491,310.69
2005-11-12,283.564,305.791
2005-11-19,368.859,321.823
2005-11-26,290.73,320.911
2005-12-03,444.6,346.938
2005-12-10,391.961,374.038
2005-12-17,359.108,371.6
2005-12-24,433.397,407.267
2005-12-31,475.889,415.089
2006-01-07,555.114,455.877
2006-01-14,439.873,476.068
2006-01-21,317.926,447.201
2006-01-28,318.805,407.93
2006-02-04,321.527,349.533
2006-02-11,310.078,317.084
2006-02-18,269.571,304.995
2006-02-25,272.478,293.414
2006-03-04,301.867,288.499
2006-03-11,294.764,284.67
2006-03-18,269.237,284.587
2006-03-25,265.37,282.81
2006-04-01,253.985,270.839
2006-04-08,314.696,275.822
2006-04-15,268.472,275.631
2006-04-22,291.349,282.126
2006-04-29,279.715,288.558
2006-05-06,317.239,289.194
2006-05-13,288.972,294.319
2006-05-20,277.168,290.774
2006-05-27,292.714,294.023
2006-06-03,260.263,279.779
2006-06-10,285.892,279.009
2006-06-17,277.441,279.078
2006-06-24,287.503,277.775
2006-07-01,304.638,288.869
2006-07-08,418.363,321.986
2006-07-15,377.115,346.905
2006-07-22,288.875,347.248
2006-07-29,259.974,336.082
2006-08-05,275.43,300.349
2006-08-12,256.259,270.135
2006-08-19,252.357,261.005
2006-08-26,251.275,258.83
2006-09-02,259.539,254.858
2006-09-09,240.231,250.851
2006-09-16,267.036,254.52
2006-09-23,261.396,257.051
2006-09-30,249.288,254.488
2006-10-07,307.646,271.342
2006-10-14,271.863,272.548
2006-10-21,291.372,280.042
2006-10-28,301.079,292.99
2006-11-04,326.711,297.756
2006-11-11,286.151,301.328
2006-11-18,367.69,320.408
2006-11-25,323.509,326.015
2006-12-02,448.898,356.562
2006-12-09,384.123,381.055
2006-12-16,361.672,379.551
2006-12-23,425.357,405.013
2006-12-30,499.979,417.783
2007-01-06,506.059,448.267
2007-01-13,506.709,484.526
2007-01-20,367.583,470.083
2007-01-27,359.959,435.078
2007-02-03,339.018,393.317
2007-02-10,363.018,357.395
2007-02-17,305.945,341.985
2007-02-24,299,326.745
2007-03-03,320.194,322.039
2007-03-10,298.927,306.017
2007-03-17,277.187,298.827
2007-03-24,273.432,292.435
2007-03-31,268.218,279.441
2007-04-07,328.266,286.776
2007-04-14,317.917,296.958
2007-04-21,303.984,304.596
2007-04-28,267.672,304.46
2007-05-05,274.801,291.094
2007-05-12,258.516,276.243
2007-05-19,270.446,267.859
2007-05-26,273.397,269.29
2007-06-02,263.527,266.472
2007-06-09,302.368,277.435
2007-06-16,290.951,282.561
2007-06-23,292.583,287.357
2007-06-30,300.348,296.563
2007-07-07,417.554,325.359
2007-07-14,383.839,348.581
2007-07-21,298.366,350.027
2007-07-28,257.426,339.296
2007-08-04,270.563,302.549
2007-08-11,266.42,273.194
2007-08-18,257.573,262.996
2007-08-25,266.179,265.184
2007-09-01,257.454,261.907
2007-09-08,245.526,256.683
2007-09-15,261.971,257.783
2007-09-22,247.643,253.149
2007-09-29,255.431,252.643
2007-10-06,298.317,265.841
2007-10-13,306.519,276.978
2007-10-20,307.675,291.986
2007-10-27,303.357,303.967
2007-11-03,325.831,310.846
2007-11-10,351.76,322.156
2007-11-17,323.124,326.018
2007-11-24,324.047,331.191
2007-12-01,462.902,365.458
2007-12-08,423.13,383.301
2007-12-15,393.042,400.78
2007-12-22,456.28,433.839
2007-12-29,507.908,445.09
2008-01-05,522.7,469.983
2008-01-12,547.943,508.708
2008-01-19,415.397,498.487
2008-01-26,369.498,463.885
2008-02-02,380.234,428.268
2008-02-09,377.595,385.681
2008-02-16,325.886,363.303
2008-02-23,330.013,353.432
2008-03-01,345.287,344.695
2008-03-08,341.364,335.638
2008-03-15,335.909,338.143
2008-03-22,316.208,334.692
2008-03-29,342.189,333.918
2008-04-05,357.209,337.879
2008-04-12,370.96,346.642
2008-04-19,328.334,349.673
2008-04-26,337.854,348.589
2008-05-03,335.533,343.17
2008-05-10,325.479,331.8
2008-05-17,319.817,329.671
2008-05-24,326.627,326.864
2008-05-31,300.989,318.228
2008-06-07,373.033,330.117
2008-06-14,349.254,337.476
2008-06-21,358.158,345.359
2008-06-28,368.544,362.247
2008-07-05,401.672,369.407
2008-07-12,476.071,401.111
2008-07-19,403.607,412.474
2008-07-26,374.182,413.883
2008-08-02,381.887,408.937
2008-08-09,372.807,383.121
2008-08-16,342.164,367.76
2008-08-23,344.255,360.278
2008-08-30,360.485,354.928
2008-09-06,336.131,345.759
2008-09-13,381.72,355.648
2008-09-20,397.61,368.987
2008-09-27,392.121,376.896
2008-10-04,426.786,399.559
2008-10-11,454.1,417.654
2008-10-18,416.114,422.28
2008-10-25,449.429,436.607
2008-11-01,466.373,446.504
2008-11-08,539.812,467.932
2008-11-15,513.047,492.165
2008-11-22,609.128,532.09
2008-11-29,537.23,549.804
2008-12-06,760.481,604.972
2008-12-13,629.867,634.177
2008-12-20,719.691,661.817
2008-12-27,717,706.76
2009-01-03,731.958,699.629
2009-01-10,956.791,781.36
2009-01-17,763.987,792.434
2009-01-24,620.143,768.22
2009-01-31,682.176,755.774
2009-02-07,710.152,694.115
2009-02-14,619.951,658.106
2009-02-21,605.668,654.487
2009-02-28,645.827,645.4
2009-03-07,652.635,631.02
2009-03-14,601.192,626.331
2009-03-21,590.067,622.43
2009-03-28,599.299,610.798
2009-04-04,623.279,603.459
2009-04-11,610.522,605.792
2009-04-18,596.564,607.416
2009-04-25,583.457,603.456
2009-05-02,536.648,581.798
2009-05-09,570.412,571.77
2009-05-16,540.925,557.861
2009-05-23,538.311,546.574
2009-05-30,500.38,537.507
2009-06-06,581.092,540.177
2009-06-13,562.449,545.558
2009-06-20,572.425,554.087
2009-06-27,563.387,569.838
2009-07-04,585.963,571.056
2009-07-11,677.038,599.703
2009-07-18,590.73,604.28
2009-07-25,516.351,592.521
2009-08-01,470.988,563.777
2009-08-08,486.586,516.164
2009-08-15,461.78,483.926
2009-08-22,460.998,470.088
2009-08-29,460.525,467.472
2009-09-05,470.079,463.346
2009-09-12,414.557,451.54
2009-09-19,441.311,446.618
2009-09-26,449.62,443.892
2009-10-03,456.233,440.43
2009-10-10,513.852,465.254
2009-10-17,464.985,471.173
2009-10-24,499.374,483.611
2009-10-31,487.714,491.481
2009-11-07,537.23,497.326
2009-11-14,479.35,500.917
2009-11-21,547.022,512.829
2009-11-28,462.09,506.423
2009-12-05,673.097,540.39
2009-12-12,561.655,560.966
2009-12-19,571.378,567.055
2009-12-26,561.852,591.996
2010-01-02,651.215,586.525
2010-01-09,825.891,652.584
2010-01-16,659.173,674.533
2010-01-23,507.651,660.983
2010-01-30,538.617,632.833
2010-02-06,512.463,554.476
2010-02-13,482.078,510.202
2010-02-20,458.16,497.83
2010-02-27,474.662,481.841
2010-03-06,462.679,469.395
2010-03-13,439.061,458.641
2010-03-20,413.067,447.367
2010-03-27,412.71,431.879
2010-04-03,421.13,421.492
2010-04-10,514.136,440.261
2010-04-17,436.814,446.198
2010-04-24,429.196,450.319
2010-05-01,399.35,444.874
2010-05-08,414.327,419.922
2010-05-15,414.572,414.361
2010-05-22,410.778,409.757
2010-05-29,418.873,414.638
2010-06-05,398.864,410.772
2010-06-12,448.305,419.205
2010-06-19,427.08,423.281
2010-06-26,444.712,429.74
2010-07-03,470.366,447.616
2010-07-10,515.991,464.537
2010-07-17,502.065,483.284
2010-07-24,413.679,475.525
2010-07-31,402.14,458.469
2010-08-07,425.471,435.839
2010-08-14,405.484,411.694
2010-08-21,384.955,404.513
2010-08-28,383.135,399.761
2010-09-04,381.863,388.859
2010-09-11,341.791,372.936
2010-09-18,382.341,372.283
2010-09-25,372.551,369.637
2010-10-02,373.681,367.591
2010-10-09,462.667,397.81
2010-10-16,394.016,400.729
2010-10-23,408.489,409.713
2010-10-30,421.097,421.567
2010-11-06,452.657,419.065
2010-11-13,409.548,422.948
2010-11-20,464.817,437.03
2010-11-27,412.922,434.986
2010-12-04,585.711,468.25
2010-12-11,491.776,488.807
2010-12-18,495.548,496.489
2010-12-25,525.71,524.686
2011-01-01,578.904,522.985
2011-01-08,773.499,593.415
2011-01-15,549.688,606.95
2011-01-22,485.95,597.01
2011-01-29,464.775,568.478
2011-02-05,440.706,485.28
2011-02-12,424.4,453.958
2011-02-19,380.985,427.717
2011-02-26,353.797,399.972
2011-03-05,407.299,391.62
2011-03-12,371.721,378.451
2011-03-19,354.457,371.819
2011-03-26,357.457,372.734
2011-04-02,353.817,359.363
2011-04-09,448.029,378.44
2011-04-16,381.834,385.284
2011-04-23,387.867,392.887
2011-04-30,415.974,408.426
2011-05-07,397.737,395.853
2011-05-14,361.573,390.788
2011-05-21,376.632,387.979
2011-05-28,381.497,379.36
2011-06-04,366.816,371.63
2011-06-11,400.608,381.388
2011-06-18,394.286,385.802
2011-06-25,406.633,392.086
2011-07-02,425.64,406.792
2011-07-09,473.963,425.131
2011-07-16,470.086,444.081
2011-07-23,369.207,434.724
2011-07-30,341.103,413.59
2011-08-06,354.408,383.701
2011-08-13,346.014,352.683
2011-08-20,344.87,346.599
2011-08-27,336.761,345.513
2011-09-03,348.582,344.057
2011-09-10,328.868,339.77
2011-09-17,353.82,342.008
2011-09-24,328.073,339.836
2011-10-01,332.394,335.789
2011-10-08,405.906,355.048
2011-10-15,357.562,355.984
2011-10-22,377.156,368.254
2011-10-29,369.647,377.568
2011-11-05,402.532,376.724
2011-11-12,363.016,378.088
2011-11-19,440.157,393.838
2011-11-26,372.64,394.586
2011-12-03,528.793,426.151
2011-12-10,435.863,444.363
2011-12-17,421.103,439.6
2011-12-24,497.689,470.862
2011-12-31,540.057,473.678
2012-01-07,646.219,526.267
2012-01-14,525.422,552.347
2012-01-21,416.88,532.145
2012-01-28,422.287,502.702
2012-02-04,401.365,441.489
2012-02-11,365.014,401.387
2012-02-18,346.659,383.831
2012-02-25,334.242,361.82
2012-03-03,368.433,353.587
2012-03-10,340.102,347.359
2012-03-17,319.498,340.569
2012-03-24,323.373,337.852
2012-03-31,315.8,324.693
2012-04-07,390.064,337.184
2012-04-14,370.482,349.93
2012-04-21,370.632,361.745
2012-04-28,333.476,366.164
2012-05-05,341.08,353.918
2012-05-12,325.094,342.571
2012-05-19,330.427,332.519
2012-05-26,346.26,335.715
2012-06-02,324.385,331.542
2012-06-09,376.61,344.421
2012-06-16,364.548,352.951
2012-06-23,370.521,359.016
2012-06-30,369.826,370.376
2012-07-07,442.192,386.772
2012-07-14,455.26,409.45
2012-07-21,340.78,402.015
2012-07-28,312.931,387.791
2012-08-04,320.219,357.298
2012-08-11,317.68,322.903
2012-08-18,311.857,315.672
2012-08-25,312.542,315.575
2012-09-01,309.537,312.904
2012-09-08,299.729,308.416
2012-09-15,330.454,313.066
2012-09-22,303.685,310.851
2012-09-29,301.046,308.729
2012-10-06,329.925,316.278
2012-10-13,362.73,324.347
2012-10-20,345.227,334.732
2012-10-27,339.924,344.452
2012-11-03,361.823,352.426
2012-11-10,478.551,381.381
2012-11-17,403.636,395.984
2012-11-24,358.865,400.719
2012-12-01,500.163,435.304
2012-12-08,429.191,422.964
2012-12-15,401.431,422.413
2012-12-22,457.584,447.092
2012-12-29,490.126,444.583
2013-01-05,557.424,476.641
2013-01-12,558.047,515.795
2013-01-19,437.36,510.739
2013-01-26,369.567,480.6
2013-02-02,388.708,438.421
2013-02-09,361.759,389.349
2013-02-16,351.087,367.78
2013-02-23,310.512,353.017
2013-03-02,335.794,339.788
2013-03-09,317.661,328.764
2013-03-16,301.471,316.36
2013-03-23,316.133,317.765
2013-03-30,317.494,313.19
2013-04-06,356.935,323.008
2013-04-13,359.415,337.494
2013-04-20,326.264,340.027
2013-04-27,301.622,336.059
2013-05-04,301.602,322.226
2013-05-11,320.253,312.435
2013-05-18,303.357,306.709
2013-05-25,319.508,311.18
2013-06-01,294.608,309.432
2013-06-08,332.964,312.609
2013-06-15,336.97,321.013
2013-06-22,336.901,325.361
2013-06-29,335.424,335.565
2013-07-06,383.811,348.277
2013-07-13,410.974,366.778
2013-07-20,340.457,367.666
2013-07-27,281.692,354.233
2013-08-03,288.861,330.496
2013-08-10,282.756,298.442
2013-08-17,281.164,283.618
2013-08-24,279.803,283.146
2013-08-31,269.359,278.271
2013-09-07,229.648,264.994
2013-09-14,272.946,262.939
2013-09-21,255.087,256.76
2013-09-28,252.196,252.469
2013-10-05,335.937,279.041
2013-10-12,360.957,301.044
2013-10-19,312.037,315.282
2013-10-26,325.326,333.564
2013-11-02,331.867,332.547
2013-11-09,364.167,333.349
2013-11-16,327.053,337.103
2013-11-23,369.197,348.071
2013-11-30,321.896,345.578
2013-12-07,463.413,370.39
2013-12-14,414.613,392.28
2013-12-21,418.272,404.548
2013-12-28,452.664,437.241
2014-01-04,488.537,443.522
2014-01-11,534.966,473.61
2014-01-18,416.116,473.071
2014-01-25,357.806,449.356
2014-02-01,357.742,416.658
2014-02-08,360.338,373.001
2014-02-15,322.761,349.662
2014-02-22,312.665,338.377
2014-03-01,317.832,328.399
2014-03-08,302.311,313.892
2014-03-15,285.97,304.695
2014-03-22,274.072,295.046
2014-03-29,294.862,289.304
2014-04-05,299.162,288.517
2014-04-12,318.793,296.722
2014-04-19,299.182,303
2014-04-26,318.127,308.816
2014-05-03,288.748,306.213
2014-05-10,270.738,294.199
2014-05-17,287.398,291.253
2014-05-24,275.412,280.574
2014-05-31,264.133,274.42
2014-06-07,313.371,285.079
2014-06-14,301.195,288.528
2014-06-21,305.029,295.932
2014-06-28,305.791,306.347
2014-07-05,322.753,308.692
2014-07-12,370.559,326.033
2014-07-19,287.049,321.538
2014-07-26,257.625,309.497
2014-08-02,247.877,290.778
2014-08-09,269.468,265.505
2014-08-16,249.463,256.108
2014-08-23,249.006,253.954
2014-08-30,249.78,254.429
2014-09-06,234.755,245.751
2014-09-13,242.318,243.965
2014-09-20,239.78,241.658
2014-09-27,227.571,236.106
2014-10-04,257.545,241.804
2014-10-11,273.756,249.663
2014-10-18,256.166,253.76
2014-10-25,271.331,264.7
2014-11-01,266.921,267.044
2014-11-08,309.338,275.939
2014-11-15,286.115,283.426
2014-11-22,357.202,304.894
2014-11-29,294.389,311.761
2014-12-06,389.284,331.748
2014-12-13,327.827,342.176
2014-12-20,340.827,338.082
2014-12-27,389.757,361.924
2015-01-03,439.342,374.438
2015-01-10,529.685,424.903
2015-01-17,383.538,435.581
2015-01-24,281.885,408.613
2015-01-31,306.643,375.438
2015-02-07,324.158,324.056
2015-02-14,277.904,297.648
2015-02-21,280.639,297.336
2015-02-28,315.566,299.567
2015-03-07,277.925,288.009
2015-03-14,260.242,283.593
2015-03-21,248.032,275.441
2015-03-28,239.748,256.487
2015-04-04,253.533,250.389
2015-04-11,308.173,262.371
2015-04-18,279.797,270.313
2015-04-25,250.78,273.071
2015-05-02,236.421,268.793
2015-05-09,242.882,252.47
2015-05-16,243.612,243.424
2015-05-23,253.454,244.092
2015-05-30,230.676,242.656
2015-06-06,275.619,250.84
2015-06-13,258.764,254.628
2015-06-20,263.199,257.065
2015-06-27,274.646,268.057
2015-07-04,303.585,275.048
2015-07-11,344.471,296.475
2015-07-18,262.949,296.413
2015-07-25,230.314,285.33
2015-08-01,224.104,265.459
2015-08-08,239.326,239.173
2015-08-15,229.251,230.749
2015-08-22,226.649,229.832
2015-08-29,230.079,231.326
2015-09-05,232.507,229.621
2015-09-12,198.903,222.034
2015-09-19,219.342,220.208
2015-09-26,215.116,216.467
2015-10-03,227.176,215.134
2015-10-10,256.522,229.539
2015-10-17,232.86,232.919
2015-10-24,245.365,240.481
2015-10-31,258.44,248.297
2015-11-07,291.098,256.941
2015-11-14,264.816,264.93
2015-11-21,305.424,279.945
2015-11-28,262.628,280.992
2015-12-05,384.491,304.34
2015-12-12,313.276,316.455
2015-12-19,319.641,320.009
2015-12-26,346.542,340.988
2016-01-02,405.368,346.207
2016-01-09,502.904,393.614
2016-01-16,378.747,408.39
2016-01-23,295.936,395.739
2016-01-30,311.94,372.382
2016-02-06,290.796,319.355
2016-02-13,258.38,289.263
2016-02-20,248.87,277.497
2016-02-27,265.802,265.962
2016-03-05,247.628,255.17
2016-03-12,236.888,249.797
2016-03-19,230.882,245.3
2016-03-26,235.716,237.779
2016-04-02,245.035,237.13
2016-04-09,270.419,245.513
2016-04-16,242.4,248.392
2016-04-23,245.04,250.723
2016-04-30,243.392,250.313
2016-05-07,261.899,248.183
2016-05-14,244.869,248.8
2016-05-21,240.798,247.74
2016-05-28,246.74,248.577
2016-06-04,232.3,241.177
2016-06-11,266.277,246.529
2016-06-18,247.968,248.321
2016-06-25,263.662,252.552
2016-07-02,267.437,261.336
2016-07-09,298.673,269.435
2016-07-16,268.526,274.574
2016-07-23,231.925,266.64
2016-07-30,219.202,254.581
2016-08-06,231.542,237.799
2016-08-13,219.57,225.56
2016-08-20,217.011,221.831
2016-08-27,215.688,220.953
2016-09-03,217.715,217.496
2016-09-10,193.291,210.926
2016-09-17,205.649,208.086
2016-09-24,198.455,203.777
2016-10-01,200.456,199.463
2016-10-08,238.581,210.785
2016-10-15,233.633,217.781
2016-10-22,237.314,227.496
2016-10-29,245.751,238.82
2016-11-05,258.608,243.826
2016-11-12,223.77,241.361
2016-11-19,287.794,253.981
2016-11-26,249.774,254.986
2016-12-03,351.58,278.229
2016-12-10,305.268,298.604
2016-12-17,315.068,305.422
2016-12-24,343.213,328.782
2016-12-31,350.561,328.527
2017-01-07,414.742,355.896
2017-01-14,352.799,365.329
2017-01-21,284.03,350.533
2017-01-28,280.983,333.138
2017-02-04,259.713,294.381
2017-02-11,245.886,267.653
2017-02-18,239.322,256.476
2017-02-25,212.829,239.437
2017-03-04,243.959,235.499
2017-03-11,222.227,229.584
2017-03-18,224.693,225.927
2017-03-25,228.269,229.787
2017-04-01,208.347,220.884
2017-04-08,239.823,225.283
2017-04-15,225.864,225.576
2017-04-22,241.611,228.911
2017-04-29,210.955,229.563
2017-05-06,215.04,223.367
2017-05-13,206.905,218.628
2017-05-20,210.544,210.861
2017-05-27,232.138,216.157
2017-06-03,212.696,215.571
2017-06-10,234.652,222.507
2017-06-17,228.883,227.092
2017-06-24,239.635,228.966
2017-07-01,252.886,239.014
2017-07-08,284.329,251.433
2017-07-15,257.763,258.653
2017-07-22,220.455,253.858
2017-07-29,198.776,240.331
2017-08-05,211.924,222.229
2017-08-12,198.28,207.359
2017-08-19,195.13,201.027
2017-08-26,196.227,200.39
2017-09-02,250.627,210.066
2017-09-09,211.923,213.477
2017-09-16,212.313,217.772
2017-09-23,212.987,221.962
2017-09-30,204.18,210.351
2017-10-07,229.241,214.68
2017-10-14,205.592,213
2017-10-21,216.004,213.754
2017-10-28,215.977,216.703
2017-11-04,242.111,219.921
2017-11-11,236.654,227.686
2017-11-18,275.004,242.436
2017-11-25,224.851,244.655
2017-12-02,326.052,265.64
2017-12-09,282.055,276.99
2017-12-16,287.479,280.109
2017-12-23,325.18,305.191
2017-12-30,351.5,311.553
2018-01-06,403.93,342.022
2018-01-13,354.708,358.829
2018-01-20,260.432,342.642
2018-01-27,268.197,321.817
2018-02-03,243.422,281.69
2018-02-10,233.252,251.326
2018-02-17,212.609,239.37
2018-02-24,196.294,221.394
2018-03-03,225.893,217.012
2018-03-10,205.185,209.995
2018-03-17,198.649,206.505
2018-03-24,195.433,206.29
2018-03-31,201.057,200.081
2018-04-07,231.759,206.724
2018-04-14,226.09,213.585
2018-04-21,200.139,214.761
2018-04-28,186.451,211.11
2018-05-05,190.262,200.735
2018-05-12,195.214,193.016
2018-05-19,207.043,194.742
2018-05-26,202.846,198.841
2018-06-02,191.523,199.156
2018-06-09,217.289,204.675
2018-06-16,206.023,204.42
2018-06-23,222.766,209.4
2018-06-30,231.539,219.404
2018-07-07,264.869,231.299
2018-07-14,232.238,237.853
2018-07-21,201.288,232.483
2018-07-28,179.88,219.569
2018-08-04,185.174,199.645
2018-08-11,180.038,186.595
2018-08-18,173.331,179.606
2018-08-25,175.745,178.572
2018-09-01,173.607,175.68
2018-09-08,162.64,171.331
2018-09-15,173.624,171.404
2018-09-22,172.93,170.7
2018-09-29,171.816,170.252
2018-10-06,193.936,178.076
2018-10-13,190.501,182.296
2018-10-20,198.733,188.746
2018-10-27,198.53,195.425
2018-11-03,214.814,200.644
2018-11-10,235.981,212.014
2018-11-17,226.576,218.975
2018-11-24,218.658,224.007
2018-12-01,317.936,249.788
2018-12-08,261.525,256.174
2018-12-15,255.195,263.328
2018-12-22,291.581,281.559
2018-12-29,327.388,283.922
2019-01-05,350.681,306.211
2019-01-12,343.678,328.332
2019-01-19,269.369,322.779
2019-01-26,250.58,303.577
2019-02-02,254.263,279.472
2019-02-09,242.762,254.243
2019-02-16,210.679,239.571
2019-02-23,203.049,227.688
2019-03-02,220.54,219.257
2019-03-09,209.302,210.892
2019-03-16,194.335,206.806
2019-03-23,190.023,203.55
2019-03-30,183.775,194.359
2019-04-06,196.071,191.051
2019-04-13,196.364,191.558
2019-04-20,211.762,196.993
2019-04-27,204.755,202.238
2019-05-04,204.033,204.228
2019-05-11,188.264,202.203
2019-05-18,191.931,197.246
2019-05-25,198.194,195.605
2019-06-01,189.577,191.991
2019-06-08,220.186,199.972
2019-06-15,205.921,203.469
2019-06-22,225.819,210.376
2019-06-29,224.565,219.123
2019-07-06,231.995,222.075
2019-07-13,243.621,231.5
2019-07-20,196.382,224.141
2019-07-27,178.897,212.724
2019-08-03,179.879,199.695
2019-08-10,186.914,185.518
2019-08-17,171.386,179.269
2019-08-24,176.867,178.761
2019-08-31,179.516,178.671
2019-09-07,160.342,172.028
2019-09-14,173.134,172.465
2019-09-21,175.394,172.096
2019-09-28,172.968,170.459
2019-10-05,188.106,177.4
2019-10-12,201.677,184.536
2019-10-19,186.748,187.375
2019-10-26,198.733,193.816
2019-11-02,205.625,198.196
2019-11-09,238.996,207.525
2019-11-16,227.892,217.811
2019-11-23,252.428,231.235
2019-11-30,216.827,234.036
2019-12-07,317.866,253.753
2019-12-14,270.547,264.417
2019-12-21,287.243,273.121
2019-12-28,312.524,297.045
2020-01-04,335.48,301.448
2020-01-11,338.55,318.449
2020-01-18,282.088,317.16
2020-01-25,229.002,296.28
2020-02-01,224.664,268.576
2020-02-08,219.601,238.839
2020-02-15,209.336,220.651
2020-02-22,199.278,213.22
2020-02-29,216.982,211.299
2020-03-07,200.382,206.494
2020-03-14,251.416,217.014
2020-03-21,2920.16,897.235
2020-03-28,6015.82,2346.95
2020-04-04,6211.41,3849.7
2020-04-11,4965.05,5028.11
2020-04-18,4281.65,5368.48
2020-04-25,3515.44,4743.38
2020-05-02,2855.56,3904.42
2020-05-09,2614.09,3316.68
