date,FinAssets,FinLiabs,Net,DiInvAssets,DiInvLiabs,PfInvAssets,PfInvLiabs,OthInvAssets,OthInvLiabs,FinDerivAssets,FinDerivLiabs,ReserveAssets
1988-07-01,2098851.0,2077372.0,21479.0,782947.0,482015.0,305186.0,784911.0,866539.0,810446.0,,,144179.0
1989-07-01,2447740.0,2481453.0,-33713.0,929965.0,632239.0,395727.0,958808.0,953334.0,890406.0,,,168714.0
1990-07-01,2415654.0,2565177.0,-149523.0,853331.0,661170.0,425538.0,946844.0,962121.0,957163.0,,,174664.0
1991-07-01,2605674.0,2848988.0,-243314.0,962582.0,804182.0,525355.0,1076499.0,958514.0,968307.0,,,159223.0
1992-07-01,2611230.0,3043359.0,-432129.0,943364.0,840912.0,586206.0,1180655.0,934225.0,1021792.0,,,147435.0
1993-07-01,3234733.0,3356505.0,-121772.0,1204611.0,911710.0,916315.0,1371827.0,948862.0,1072968.0,,,164945.0
1994-07-01,3434637.0,3544948.0,-110311.0,1234084.0,877354.0,990838.0,1456081.0,1046321.0,1211513.0,,,163394.0
1995-07-01,4094375.0,4371942.0,-277567.0,1493609.0,1135542.0,1278722.0,1900950.0,1145983.0,1335450.0,,,176061.0
1996-07-01,4791796.0,5120102.0,-328306.0,1749299.0,1370076.0,1573208.0,2356160.0,1308550.0,1393866.0,,,160739.0
1997-07-01,5536514.0,6324739.0,-788225.0,2036671.0,1794795.0,1841029.0,2861123.0,1523978.0,1668821.0,,,134836.0
1998-07-01,6368620.0,7402395.0,-1033775.0,2469095.0,2368530.0,2149431.0,3340370.0,1604088.0,1693495.0,,,146006.0
1999-07-01,7611443.0,8613711.0,-1002268.0,3051404.0,3009958.0,2650768.0,3715693.0,1772853.0,1888060.0,,,136418.0
2000-07-01,7642326.0,9178574.0,-1536248.0,2934570.0,3023792.0,2556158.0,4008473.0,2023198.0,2146309.0,,,128400.0
2001-07-01,7170596.0,9465063.0,-2294467.0,2554463.0,2799823.0,2316634.0,4324590.0,2169538.0,2340650.0,,,129961.0
2002-07-01,7065765.0,9476128.0,-2410363.0,2283141.0,2282370.0,2276589.0,4571348.0,2347433.0,2622410.0,,,158602.0
2003-07-01,8621551.0,10913947.0,-2292395.0,3037312.0,2763061.0,3176287.0,5546317.0,2224376.0,2604569.0,,,183577.0
2004-07-01,10589628.0,12952395.0,-2362767.0,3746863.0,3101450.0,3828305.0,6621226.0,2824869.0,3229719.0,,,189591.0
2005-07-01,13357640.0,15214866.0,-1857226.0,4047170.0,3227144.0,4628978.0,7337835.0,3303420.0,3517773.0,1190029.0,1132114.0,188043.0
2006-01-01,14467068.0,16122685.0,-1655616.0,4380797.0,3387219.0,5038569.0,7602527.0,3651554.0,4009439.0,1189856.0,1123500.0,206293.0
2006-04-01,14806337.0,16485106.0,-1678770.0,4410235.0,3402912.0,5121916.0,7791430.0,3761084.0,4062653.0,1296050.0,1228111.0,217052.0
2006-07-01,15275987.0,17281746.0,-2005759.0,4601077.0,3571141.0,5428603.0,8342232.0,3840522.0,4234516.0,1194164.0,1133857.0,211620.0
2006-10-01,16410512.0,18218331.0,-1807819.0,4929892.0,3752602.0,6017080.0,8843523.0,4004691.0,4443047.0,1238995.0,1179159.0,219853.0
2007-01-01,17306534.0,18960701.0,-1654166.0,5216131.0,3859621.0,6288275.0,9271729.0,4318273.0,4630748.0,1255575.0,1198603.0,228280.0
2007-04-01,18840930.0,20262313.0,-1421382.0,5583502.0,4100970.0,6852231.0,9780484.0,4633616.0,4890961.0,1546712.0,1489898.0,224869.0
2007-07-01,19682090.0,20913533.0,-1231443.0,5812922.0,4239248.0,7272284.0,10033110.0,4624272.0,4991519.0,1720605.0,1649656.0,252007.0
2007-10-01,20705167.0,21983996.0,-1278830.0,5857923.0,4134239.0,7262045.0,10326974.0,4748656.0,5034923.0,2559332.0,2487860.0,277211.0
2008-01-01,21887108.0,23736139.0,-1849030.0,5451453.0,3917702.0,6844546.0,10368656.0,5096342.0,5394263.0,4186275.0,4055518.0,308493.0
2008-04-01,21014074.0,22848492.0,-1834418.0,5365469.0,3911825.0,6669792.0,10327562.0,5032817.0,5081050.0,3638417.0,3528055.0,307579.0
2008-07-01,18432270.0,21741288.0,-3309018.0,4558476.0,3712136.0,5374215.0,9878568.0,4966742.0,5012846.0,3241052.0,3137738.0,291785.0
2008-10-01,19424093.0,23418718.0,-3994625.0,3707211.0,3091240.0,4320819.0,9475873.0,4974882.0,4883790.0,6127450.0,5967815.0,293732.0
2009-01-01,18148073.0,22004103.0,-3856030.0,3497940.0,2839930.0,4087167.0,9168152.0,4697803.0,4585729.0,5561851.0,5410292.0,303312.0
2009-04-01,17932847.0,21132222.0,-3199376.0,4113456.0,3141287.0,4984745.0,9633155.0,4465680.0,4464878.0,4054450.0,3892902.0,314516.0
2009-07-01,19733631.0,22403110.0,-2669479.0,4794375.0,3497706.0,5879511.0,10251103.0,4545341.0,4668909.0,4131036.0,3985392.0,383368.0
2009-10-01,19427145.0,22054085.0,-2626940.0,4945292.0,3618630.0,6058554.0,10463234.0,4529716.0,4608777.0,3489779.0,3363444.0,403804.0
2010-01-01,19753660.0,22522705.0,-2769046.0,5058482.0,3769042.0,6286609.0,10810833.0,4571575.0,4627018.0,3429046.0,3315812.0,407947.0
2010-04-01,19797436.0,22978071.0,-3180635.0,4540945.0,3456621.0,5840898.0,10684333.0,4666733.0,4626017.0,4310312.0,4211100.0,438549.0
2010-07-01,21967350.0,24713638.0,-2746288.0,5163300.0,3789895.0,6724001.0,11527670.0,4832743.0,4716886.0,4783698.0,4679187.0,463609.0
2010-10-01,21768547.0,24279619.0,-2511072.0,5486391.0,4099097.0,7160366.0,11869262.0,4980804.0,4769329.0,3652313.0,3541931.0,488673.0
2011-01-01,22149888.0,24788304.0,-2638416.0,5811089.0,4283086.0,7497835.0,12215888.0,5143315.0,5200225.0,3194303.0,3089105.0,503346.0
2011-04-01,22448435.0,25233740.0,-2785304.0,5855672.0,4316300.0,7644691.0,12432716.0,4945787.0,5109695.0,3473224.0,3375029.0,529062.0
2011-07-01,22301117.0,26435151.0,-4134034.0,4955939.0,3907462.0,6672316.0,12212692.0,4899418.0,5207307.0,5213598.0,5107690.0,559845.0
2011-10-01,22209642.0,26664258.0,-4454616.0,5214826.0,4199225.0,6871732.0,12647243.0,4869469.0,5187251.0,4716578.0,4630539.0,537037.0
2012-01-01,22217244.0,26822016.0,-4604772.0,5675995.0,4533429.0,7344418.0,13323328.0,4674014.0,5091306.0,3950239.0,3873953.0,572578.0
2012-04-01,21507400.0,26767319.0,-5259919.0,5413818.0,4490546.0,7045455.0,13297524.0,4335687.0,4891017.0,4155820.0,4088231.0,556620.0
2012-07-01,22313108.0,27313305.0,-5000197.0,5779627.0,4686373.0,7580663.0,13814026.0,4420934.0,4939793.0,3925606.0,3873113.0,606277.0
2012-10-01,22510646.0,27080174.0,-4569528.0,5969502.0,4662434.0,7931527.0,13978865.0,4417488.0,4876890.0,3619761.0,3561985.0,572368.0
2013-01-01,22673773.0,27767917.0,-5094143.0,6242826.0,5049925.0,8203589.0,14569596.0,4425923.0,4940044.0,3248377.0,3208352.0,553058.0
2013-04-01,21943702.0,27470984.0,-5527281.0,6220248.0,5181164.0,8118282.0,14433052.0,4333898.0,5091052.0,2825067.0,2765715.0,446207.0
2013-07-01,22984040.0,27978365.0,-4994325.0,6761608.0,5396959.0,8720092.0,14893588.0,4257499.0,4974365.0,2761416.0,2713453.0,483426.0
2013-10-01,24069833.0,29513421.0,-5443587.0,7120688.0,5814935.0,9130080.0,15541251.0,4353632.0,5217691.0,3017100.0,2939543.0,448333.0
2014-01-01,24138172.0,29641727.0,-5503555.0,7281944.0,5776339.0,9357199.0,15936280.0,4375235.0,5345826.0,2652910.0,2583282.0,470884.0
2014-04-01,25058628.0,30548680.0,-5490052.0,7590360.0,6022517.0,9984146.0,16421470.0,4309978.0,5473798.0,2696279.0,2630896.0,477865.0
2014-07-01,24670264.0,30877211.0,-6206947.0,7349004.0,6113129.0,9693576.0,16568406.0,4396875.0,5489920.0,2786822.0,2705756.0,443987.0
2014-10-01,24807117.0,31828304.0,-7021188.0,7242129.0,6378893.0,9627215.0,16921786.0,4251213.0,5360849.0,3252308.0,3166776.0,434251.0
2015-01-01,25557267.0,32517930.0,-6960663.0,7450882.0,6641602.0,10032142.0,17135059.0,4246561.0,5420749.0,3409198.0,3320520.0,418485.0
2015-04-01,24687943.0,31562682.0,-6874739.0,7490804.0,6701131.0,10137741.0,17163769.0,4151733.0,5253935.0,2492288.0,2443848.0,415377.0
2015-07-01,23454177.0,30881198.0,-7427021.0,6899499.0,6383806.0,9273681.0,16512952.0,4112570.0,5272395.0,2768075.0,2712045.0,400352.0
2015-10-01,23301747.0,30892217.0,-7590470.0,7057108.0,6729220.0,9439896.0,16645846.0,3977771.0,5128258.0,2443371.0,2388893.0,383601.0
2016-01-01,24028020.0,31914696.0,-7886675.0,7091226.0,6826316.0,9418001.0,16878023.0,4029755.0,5188589.0,3057027.0,3021768.0,432011.0
2016-04-01,24495322.0,32836299.0,-8340977.0,7066510.0,7073356.0,9512540.0,17150511.0,4148987.0,5353433.0,3312870.0,3258999.0,454415.0
2016-07-01,24767661.0,32872184.0,-8104523.0,7443347.0,7376944.0,9952714.0,17511422.0,4128412.0,5249118.0,2786084.0,2734700.0,457105.0
2016-10-01,23902371.0,32160757.0,-8258387.0,7403191.0,7510517.0,9882284.0,17359963.0,3990657.0,5128002.0,2220453.0,2162275.0,405785.0
2017-01-01,24905497.0,32997277.0,-8091781.0,7856674.0,7893281.0,10587995.0,17907328.0,4073288.0,5281692.0,1954447.0,1914976.0,433093.0
2017-04-01,25900193.0,33859632.0,-7959439.0,8151534.0,8100045.0,11197846.0,18444213.0,4183801.0,5421086.0,1931341.0,1894288.0,435670.0
2017-07-01,26916461.0,34660204.0,-7743743.0,8643317.0,8411848.0,11821708.0,19039406.0,4298105.0,5537613.0,1705114.0,1671337.0,448217.0
2017-10-01,27582069.0,35412791.0,-7830723.0,8893940.0,8835252.0,12413733.0,19398286.0,4263877.0,5656082.0,1560816.0,1523171.0,449703.0
2018-01-01,27499863.0,35444253.0,-7944390.0,8583542.0,8768864.0,12505047.0,19391459.0,4427294.0,5821395.0,1522631.0,1462535.0,461349.0
2018-04-01,26931468.0,35846697.0,-8915229.0,8464474.0,8920802.0,12213782.0,19461236.0,4286364.0,6009996.0,1525923.0,1454663.0,440925.0
2018-07-01,27061288.0,36729522.0,-9668234.0,8545109.0,9519052.0,12403918.0,19857455.0,4241964.0,5972408.0,1447261.0,1380607.0,423036.0
2018-10-01,25106757.0,34902578.0,-9795821.0,7417363.0,8393517.0,11322472.0,18844156.0,4468262.0,6257357.0,1449590.0,1407548.0,449070.0
2019-01-01,26676030.0,37025938.0,-10349908.0,8024457.0,9299049.0,12080953.0,19960715.0,4617807.0,6301690.0,1500077.0,1464484.0,452735.0
2019-04-01,27559259.0,38297960.0,-10738701.0,8281724.0,9650968.0,12430218.0,20539339.0,4589517.0,6351254.0,1772165.0,1756399.0,485635.0
2019-07-01,27793567.0,39313952.0,-11520386.0,8177891.0,9769223.0,12323222.0,21078447.0,4709335.0,6418414.0,2078260.0,2047868.0,504858.0
2019-10-01,28845177.0,40511618.0,-11666440.0,8668834.0,10454728.0,13124173.0,21763567.0,4747358.0,6523071.0,1790402.0,1770251.0,514411.0
2020-01-01,26707536.0,39316239.0,-12608703.0,6896949.0,8674131.0,10821177.0,20235331.0,5452930.0,7441818.0,2999008.0,2964959.0,537473.0
2020-04-01,28547474.0,42146921.0,-13599447.0,7885500.0,9993769.0,12182771.0,22388466.0,5143322.0,7036115.0,2750789.0,2728570.0,585092.0
2020-07-01,29286432.0,43747053.0,-14460621.0,8332481.0,10809986.0,12831200.0,23384522.0,4956353.0,7034325.0,2545162.0,2518221.0,621237.0
2020-10-01,32023156.0,46744160.0,-14721004.0,9349445.0,11875581.0,14399252.0,25171907.0,5101197.0,7144022.0,2545955.0,2552650.0,627306.0
2021-01-01,32677134.0,47727220.0,-15050086.0,9815310.0,12484556.0,15025918.0,25801155.0,5106910.0,7315698.0,2158913.0,2125811.0,570083.0
2021-04-01,34132136.0,50230949.0,-16098813.0,10471046.0,13446608.0,15913801.0,27240235.0,5056369.0,7482720.0,2100803.0,2061385.0,590117.0
2021-07-01,34224166.0,50673028.0,-16448862.0,10430735.0,13563214.0,16048447.0,27318754.0,5008664.0,7784941.0,2041185.0,2006118.0,695135.0
2021-10-01,34942937.0,53775458.0,-18832520.0,10847758.0,14865920.0,16313926.0,28971605.0,5085955.0,7977019.0,1982966.0,1960913.0,712332.0
2022-01-01,33943822.0,52277315.0,-18333493.0,10302320.0,14186513.0,15513944.0,27671650.0,5127723.0,8229230.0,2254847.0,2189923.0,744988.0
2022-04-01,30910492.0,47560571.0,-16650078.0,8892843.0,12091768.0,13821086.0,24958375.0,5088276.0,8176186.0,2405663.0,2334242.0,702624.0
2022-07-01,29599743.0,46468289.0,-16868546.0,8201219.0,11551875.0,12901096.0,23938597.0,5014286.0,8269277.0,2826939.0,2708540.0,656202.0
2022-10-01,31275713.0,47437143.0,-16161430.0,9157741.0,12257643.0,13849849.0,24424220.0,5017866.0,8281434.0,2543343.0,2473846.0,706914.0
2023-01-01,32448859.0,49224577.0,-16775718.0,9846014.0,12999594.0,14477319.0,25625372.0,5178889.0,8448884.0,2193123.0,2150727.0,753515.0
2023-04-01,33198045.0,51507281.0,-18309236.0,10069595.0,13964726.0,14707941.0,26813814.0,5204741.0,8273555.0,2482845.0,2455186.0,732923.0
2023-07-01,32513266.0,50803249.0,-18289983.0,9635583.0,13496770.0,14313062.0,26398353.0,5262065.0,8387902.0,2583540.0,2520225.0,719016.0
2023-10-01,34022410.0,54438934.0,-20416524.0,10525061.0,14867527.0,15030322.0,28738866.0,5484333.0,8621937.0,2205246.0,2210605.0,777449.0
2024-01-01,35395691.0,57412700.0,-22017009.0,11212749.0,16135603.0,15586339.0,30363297.0,5611891.0,8764029.0,2173097.0,2149771.0,811616.0
2024-04-01,35581265.0,58787380.0,-23206115.0,11177721.0,16724246.0,15654973.0,30941495.0,5622574.0,8832220.0,2285435.0,2289419.0,840562.0
2024-07-01,37511550.0,62022084.0,-24510534.0,11769643.0,17595542.0,16503120.0,32801546.0,5772823.0,9064158.0,2538697.0,2560838.0,927267.0
2024-10-01,35719353.0,62258823.0,-26539470.0,11128794.0,17810047.0,15770445.0,33146179.0,5594002.0,9018580.0,2316167.0,2284017.0,909945.0
2025-01-01,36888994.0,61541922.0,-24652929.0,11487467.0,16985388.0,16315928.0,33065396.0,5982252.0,9431491.0,2054335.0,2059647.0,1049011.0
2025-04-01,39564041.0,65705940.0,-26141899.0,12531157.0,18613552.0,17609613.0,35321087.0,6165014.0,9615238.0,2154169.0,2156063.0,1104088.0
