date,5_year_breakeven,5_year_5_year_forward
2017-01-02,,
2017-01-03,1.86,2.1
2017-01-04,1.86,2.12
2017-01-05,1.83,2.07
2017-01-06,1.84,2.08
2017-01-09,1.85,2.05
2017-01-10,1.84,2.06
2017-01-11,1.85,2.13
2017-01-12,1.87,2.09
2017-01-13,1.85,2.13
2017-01-16,,
2017-01-17,1.84,2.1
2017-01-18,1.86,2.14
2017-01-19,1.9,2.18
2017-01-20,1.92,2.16
2017-01-23,1.86,2.18
2017-01-24,1.93,2.19
2017-01-25,1.96,2.2
2017-01-26,1.94,2.22
2017-01-27,1.96,2.2
2017-01-30,1.95,2.19
2017-01-31,1.94,2.16
2017-02-01,1.92,2.18
2017-02-02,1.93,2.17
2017-02-03,1.91,2.19
2017-02-06,1.91,2.13
2017-02-07,1.87,2.13
2017-02-08,1.82,2.1
2017-02-09,1.86,2.12
2017-02-10,1.87,2.15
2017-02-13,1.87,2.13
2017-02-14,1.87,2.15
2017-02-15,1.93,2.19
2017-02-16,1.9,2.14
2017-02-17,1.85,2.17
2017-02-20,,
2017-02-21,1.87,2.19
2017-02-22,1.92,2.16
2017-02-23,1.9,2.16
2017-02-24,1.9,2.1
2017-02-27,1.86,2.16
2017-02-28,1.89,2.15
2017-03-01,1.84,2.22
2017-03-02,1.84,2.18
2017-03-03,1.92,2.16
2017-03-06,1.9,2.12
2017-03-07,1.92,2.14
2017-03-08,1.9,2.12
2017-03-09,1.89,2.11
2017-03-10,1.9,2.12
2017-03-13,1.86,2.16
2017-03-14,1.88,2.1
2017-03-15,1.84,2.18
2017-03-16,1.87,2.17
2017-03-17,1.89,2.13
2017-03-20,1.86,2.14
2017-03-21,1.8,2.16
2017-03-22,1.79,2.15
2017-03-23,1.75,2.15
2017-03-24,1.73,2.23
2017-03-27,1.75,2.19
2017-03-28,1.73,2.21
2017-03-29,1.8,2.16
2017-03-30,1.81,2.11
2017-03-31,1.77,2.17
2017-04-03,1.73,2.19
2017-04-04,1.77,2.15
2017-04-05,1.77,2.17
2017-04-06,1.71,2.19
2017-04-07,1.7,2.18
2017-04-10,1.69,2.17
2017-04-11,1.7,2.12
2017-04-12,1.69,2.11
2017-04-13,1.74,2.1
2017-04-14,,
2017-04-17,1.69,2.07
2017-04-18,1.65,2.05
2017-04-19,1.66,2.04
2017-04-20,1.82,1.88
2017-04-21,1.79,1.89
2017-04-24,1.81,1.93
2017-04-25,1.85,1.97
2017-04-26,1.83,1.97
2017-04-27,1.81,2.01
2017-04-28,1.81,2.03
2017-05-01,1.8,2.04
2017-05-02,1.77,1.99
2017-05-03,1.76,1.98
2017-05-04,1.72,2.0
2017-05-05,1.75,1.97
2017-05-08,1.75,1.97
2017-05-09,1.74,1.98
2017-05-10,1.78,1.92
2017-05-11,1.82,1.94
2017-05-12,1.75,1.93
2017-05-15,1.74,1.9
2017-05-16,1.74,1.9
2017-05-17,1.7,1.86
2017-05-18,1.72,1.88
2017-05-19,1.75,1.89
2017-05-22,1.75,1.89
2017-05-23,1.77,1.89
2017-05-24,1.73,1.89
2017-05-25,1.7,1.9
2017-05-26,1.73,1.89
2017-05-29,,
2017-05-30,1.73,1.89
2017-05-31,1.72,1.9
2017-06-01,1.73,1.89
2017-06-02,1.72,1.86
2017-06-05,1.72,1.86
2017-06-06,1.71,1.83
2017-06-07,1.69,1.87
2017-06-08,1.69,1.87
2017-06-09,1.68,1.88
2017-06-12,1.67,1.83
2017-06-13,1.67,1.83
2017-06-14,1.59,1.83
2017-06-15,1.56,1.78
2017-06-16,1.56,1.78
2017-06-19,1.56,1.78
2017-06-20,1.54,1.78
2017-06-21,1.54,1.78
2017-06-22,1.57,1.81
2017-06-23,1.59,1.81
2017-06-26,1.61,1.81
2017-06-27,1.62,1.8
2017-06-28,1.65,1.81
2017-06-29,1.62,1.82
2017-06-30,1.63,1.83
2017-07-03,1.66,1.84
2017-07-04,,
2017-07-05,1.65,1.85
2017-07-06,1.66,1.86
2017-07-07,1.63,1.83
2017-07-10,1.6,1.84
2017-07-11,1.61,1.89
2017-07-12,1.63,1.89
2017-07-13,1.64,1.9
2017-07-14,1.62,1.9
2017-07-17,1.64,1.9
2017-07-18,1.62,1.9
2017-07-19,1.65,1.87
2017-07-20,1.62,1.92
2017-07-21,1.62,1.9
2017-07-24,1.62,1.94
2017-07-25,1.67,1.95
2017-07-26,1.66,1.94
2017-07-27,1.68,1.98
2017-07-28,1.68,1.98
2017-07-31,1.67,1.97
2017-08-01,1.62,1.96
2017-08-02,1.63,1.95
2017-08-03,1.62,1.94
2017-08-04,1.65,1.95
2017-08-07,1.65,1.95
2017-08-08,1.69,1.97
2017-08-09,1.7,1.94
2017-08-10,1.68,1.92
2017-08-11,1.64,1.94
2017-08-14,1.59,1.95
2017-08-15,1.63,1.93
2017-08-16,1.62,1.94
2017-08-17,1.61,1.93
2017-08-18,1.61,1.91
2017-08-21,1.59,1.91
2017-08-22,1.61,1.93
2017-08-23,1.58,1.92
2017-08-24,1.6,1.9
2017-08-25,1.57,1.93
2017-08-28,1.56,1.94
2017-08-29,1.54,1.94
2017-08-30,1.57,1.95
2017-08-31,1.58,1.94
2017-09-01,1.63,1.95
2017-09-04,,
2017-09-05,1.58,1.96
2017-09-06,1.6,1.96
2017-09-07,1.61,1.97
2017-09-08,1.63,1.99
2017-09-11,1.63,2.03
2017-09-12,1.67,2.01
2017-09-13,1.68,2.02
2017-09-14,1.7,2.0
2017-09-15,1.72,1.98
2017-09-18,1.74,2.0
2017-09-19,1.74,2.0
2017-09-20,1.71,1.99
2017-09-21,1.7,1.96
2017-09-22,1.71,1.97
2017-09-25,1.72,1.96
2017-09-26,1.72,1.96
2017-09-27,1.74,2.0
2017-09-28,1.73,2.01
2017-09-29,1.68,2.0
2017-10-02,1.73,1.93
2017-10-03,1.68,2.0
2017-10-04,1.73,1.97
2017-10-05,1.74,1.98
2017-10-06,1.78,1.96
2017-10-09,,
2017-10-10,1.75,2.01
2017-10-11,1.75,2.03
2017-10-12,1.79,1.99
2017-10-13,1.71,1.99
2017-10-16,1.66,2.02
2017-10-17,1.69,1.95
2017-10-18,1.69,1.99
2017-10-19,1.66,2.02
2017-10-20,1.76,1.98
2017-10-23,1.69,2.03
2017-10-24,1.73,2.01
2017-10-25,1.74,2.02
2017-10-26,1.76,2.02
2017-10-27,1.76,2.0
2017-10-30,1.77,1.97
2017-10-31,1.79,1.97
2017-11-01,1.71,2.05
2017-11-02,1.79,1.95
2017-11-03,1.74,1.98
2017-11-06,1.77,1.95
2017-11-07,1.8,1.96
2017-11-08,1.77,1.97
2017-11-09,1.8,1.94
2017-11-10,1.78,1.98
2017-11-13,1.79,1.97
2017-11-14,1.79,1.95
2017-11-15,1.78,1.92
2017-11-16,1.79,1.89
2017-11-17,1.75,1.97
2017-11-20,1.74,1.96
2017-11-21,1.75,1.93
2017-11-22,1.75,1.93
2017-11-23,,
2017-11-24,1.71,1.97
2017-11-27,1.69,1.97
2017-11-28,1.69,1.99
2017-11-29,1.69,1.99
2017-11-30,1.73,1.99
2017-12-01,1.72,2.0
2017-12-04,1.76,1.98
2017-12-05,1.69,2.03
2017-12-06,1.74,1.98
2017-12-07,1.74,2.0
2017-12-08,1.71,2.05
2017-12-11,1.76,2.0
2017-12-12,1.78,2.0
2017-12-13,1.74,2.02
2017-12-14,1.76,1.98
2017-12-15,1.77,1.99
2017-12-18,1.71,2.07
2017-12-19,1.74,2.08
2017-12-20,1.74,2.1
2017-12-21,1.84,2.02
2017-12-22,1.82,2.06
2017-12-25,,
2017-12-26,1.76,2.12
2017-12-27,1.82,2.06
2017-12-28,1.86,2.06
2017-12-29,1.86,2.06
2018-01-01,,
2018-01-02,1.9,2.1
2018-01-03,1.87,2.09
2018-01-04,1.92,2.1
2018-01-05,1.95,2.07
2018-01-08,1.91,2.13
2018-01-09,1.95,2.11
2018-01-10,1.94,2.12
2018-01-11,1.89,2.11
2018-01-12,1.92,2.1
2018-01-15,,
2018-01-16,1.94,2.12
2018-01-17,1.9,2.18
2018-01-18,1.99,2.11
2018-01-19,2.0,2.12
2018-01-22,2.0,2.12
2018-01-23,1.92,2.2
2018-01-24,1.96,2.18
2018-01-25,1.91,2.23
2018-01-26,1.93,2.25
2018-01-29,1.92,2.26
2018-01-30,1.97,2.23
2018-01-31,1.98,2.24
2018-02-01,1.93,2.29
2018-02-02,1.93,2.35
2018-02-05,1.95,2.25
2018-02-06,1.88,2.32
2018-02-07,1.9,2.3
2018-02-08,1.89,2.29
2018-02-09,1.83,2.27
2018-02-12,1.84,2.3
2018-02-13,1.88,2.22
2018-02-14,1.91,2.27
2018-02-15,2.0,2.22
2018-02-16,2.0,2.18
2018-02-19,,
2018-02-20,2.04,2.16
2018-02-21,2.06,2.18
2018-02-22,2.06,2.16
2018-02-23,2.04,2.2
2018-02-26,2.07,2.19
2018-02-27,2.09,2.17
2018-02-28,2.04,2.2
2018-03-01,2.03,2.17
2018-03-02,2.03,2.21
2018-03-05,2.05,2.21
2018-03-06,2.1,2.14
2018-03-07,2.1,2.16
2018-03-08,2.08,2.14
2018-03-09,1.96,2.28
2018-03-12,2.02,2.18
2018-03-13,2.05,2.13
2018-03-14,2.04,2.1
2018-03-15,2.07,2.09
2018-03-16,2.05,2.11
2018-03-19,2.04,2.12
2018-03-20,2.05,2.11
2018-03-21,1.96,2.22
2018-03-22,2.03,2.13
2018-03-23,2.01,2.13
2018-03-26,2.01,2.15
2018-03-27,1.94,2.2
2018-03-28,1.91,2.19
2018-03-29,1.92,2.18
2018-03-30,,
2018-04-02,1.99,2.11
2018-04-03,1.99,2.17
2018-04-04,2.04,2.12
2018-04-05,1.93,2.23
2018-04-06,2.01,2.13
2018-04-09,2.02,2.12
2018-04-10,2.0,2.16
2018-04-11,2.06,2.16
2018-04-12,2.05,2.21
2018-04-13,2.01,2.25
2018-04-16,2.08,2.16
2018-04-17,2.01,2.27
2018-04-18,2.04,2.28
2018-04-19,2.12,2.22
2018-04-20,2.1,2.24
2018-04-23,2.11,2.25
2018-04-24,2.1,2.24
2018-04-25,2.09,2.25
2018-04-26,2.1,2.26
2018-04-27,2.09,2.25
2018-04-30,2.1,2.24
2018-05-01,2.09,2.23
2018-05-02,2.09,2.25
2018-05-03,2.09,2.23
2018-05-04,2.09,2.23
2018-05-07,2.11,2.23
2018-05-08,2.1,2.22
2018-05-09,2.13,2.23
2018-05-10,2.12,2.22
2018-05-11,2.13,2.17
2018-05-14,2.12,2.18
2018-05-15,2.15,2.21
2018-05-16,2.16,2.18
2018-05-17,2.16,2.16
2018-05-18,2.14,2.16
2018-05-21,2.15,2.17
2018-05-22,2.13,2.17
2018-05-23,2.12,2.16
2018-05-24,2.11,2.13
2018-05-25,2.04,2.14
2018-05-28,,
2018-05-29,1.98,2.1
2018-05-30,2.0,2.12
2018-05-31,2.03,2.11
2018-06-01,2.06,2.12
2018-06-04,2.06,2.18
2018-06-05,2.05,2.21
2018-06-06,2.06,2.22
2018-06-07,2.08,2.18
2018-06-08,2.06,2.16
2018-06-11,2.08,2.18
2018-06-12,2.07,2.19
2018-06-13,2.09,2.15
2018-06-14,2.07,2.17
2018-06-15,2.08,2.16
2018-06-18,2.08,2.16
2018-06-19,2.07,2.17
2018-06-20,2.06,2.18
2018-06-21,2.05,2.17
2018-06-22,2.07,2.17
2018-06-25,2.06,2.14
2018-06-26,2.07,2.17
2018-06-27,2.07,2.15
2018-06-28,2.07,2.13
2018-06-29,2.06,2.16
2018-07-02,2.07,2.21
2018-07-03,2.08,2.16
2018-07-04,,
2018-07-05,2.1,2.16
2018-07-06,2.08,2.16
2018-07-09,2.1,2.16
2018-07-10,2.09,2.17
2018-07-11,2.07,2.15
2018-07-12,2.06,2.14
2018-07-13,2.07,2.15
2018-07-16,2.05,2.15
2018-07-17,2.03,2.15
2018-07-18,2.03,2.15
2018-07-19,2.01,2.17
2018-07-20,2.02,2.2
2018-07-23,2.01,2.21
2018-07-24,2.0,2.22
2018-07-25,2.01,2.25
2018-07-26,2.0,2.22
2018-07-27,2.0,2.24
2018-07-30,2.01,2.25
2018-07-31,2.0,2.24
2018-08-01,2.0,2.26
2018-08-02,1.99,2.25
2018-08-03,2.0,2.24
2018-08-06,1.98,2.24
2018-08-07,2.0,2.26
2018-08-08,1.98,2.24
2018-08-09,1.97,2.25
2018-08-10,1.98,2.2
2018-08-13,1.99,2.21
2018-08-14,1.99,2.19
2018-08-15,1.97,2.19
2018-08-16,1.97,2.19
2018-08-17,1.96,2.2
2018-08-20,1.95,2.19
2018-08-21,1.97,2.19
2018-08-22,1.96,2.2
2018-08-23,1.99,2.19
2018-08-24,1.99,2.19
2018-08-27,2.0,2.22
2018-08-28,1.99,2.23
2018-08-29,2.0,2.24
2018-08-30,1.99,2.21
2018-08-31,1.98,2.18
2018-09-03,,
2018-09-04,1.99,2.21
2018-09-05,1.98,2.2
2018-09-06,1.97,2.19
2018-09-07,1.98,2.22
2018-09-10,1.98,2.22
2018-09-11,2.01,2.23
2018-09-12,2.02,2.22
2018-09-13,1.98,2.22
2018-09-14,2.0,2.2
2018-09-17,1.99,2.21
2018-09-18,2.01,2.25
2018-09-19,2.02,2.28
2018-09-20,2.02,2.28
2018-09-21,2.02,2.28
2018-09-24,2.03,2.29
2018-09-25,2.05,2.27
2018-09-26,2.04,2.24
2018-09-27,2.04,2.26
2018-09-28,2.03,2.25
2018-10-01,2.04,2.24
2018-10-02,2.03,2.21
2018-10-03,2.07,2.25
2018-10-04,2.06,2.26
2018-10-05,2.05,2.27
2018-10-08,,
2018-10-09,2.05,2.29
2018-10-10,2.04,2.28
2018-10-11,1.99,2.25
2018-10-12,1.99,2.25
2018-10-15,2.0,2.26
2018-10-16,2.01,2.25
2018-10-17,2.0,2.26
2018-10-18,1.99,2.21
2018-10-19,1.98,2.24
2018-10-22,1.98,2.24
2018-10-23,1.94,2.24
2018-10-24,1.93,2.21
2018-10-25,1.91,2.19
2018-10-26,1.93,2.19
2018-10-29,1.92,2.2
2018-10-30,1.91,2.19
2018-10-31,1.9,2.2
2018-11-01,1.88,2.16
2018-11-02,1.91,2.21
2018-11-05,1.91,2.21
2018-11-06,1.92,2.22
2018-11-07,1.93,2.21
2018-11-08,1.92,2.22
2018-11-09,1.9,2.18
2018-11-12,,
2018-11-13,1.88,2.16
2018-11-14,1.85,2.15
2018-11-15,1.85,2.15
2018-11-16,1.88,2.16
2018-11-19,1.85,2.13
2018-11-20,1.82,2.12
2018-11-21,1.81,2.13
2018-11-22,,
2018-11-23,1.77,2.15
2018-11-26,1.78,2.14
2018-11-27,1.73,2.09
2018-11-28,1.74,2.14
2018-11-29,1.79,2.17
2018-11-30,1.77,2.17
2018-12-03,1.76,2.16
2018-12-04,1.74,2.14
2018-12-05,,
2018-12-06,1.69,2.11
2018-12-07,1.68,2.1
2018-12-10,1.65,2.07
2018-12-11,1.62,2.04
2018-12-12,1.62,2.04
2018-12-13,1.62,2.04
2018-12-14,1.6,2.04
2018-12-17,1.58,2.04
2018-12-18,1.58,2.04
2018-12-19,1.56,2.04
2018-12-20,1.53,1.99
2018-12-21,1.55,1.99
2018-12-24,1.52,1.98
2018-12-25,,
2018-12-26,1.57,1.97
2018-12-27,1.53,1.95
2018-12-28,1.52,1.94
2018-12-31,1.51,1.91
2019-01-01,,
2019-01-02,1.49,1.91
2019-01-03,1.49,1.87
2019-01-04,1.58,1.94
2019-01-07,1.61,1.95
2019-01-08,1.66,1.98
2019-01-09,1.68,1.98
2019-01-10,1.65,1.97
2019-01-11,1.66,2.0
2019-01-14,1.64,1.98
2019-01-15,1.63,1.99
2019-01-16,1.64,2.0
2019-01-17,1.64,1.94
2019-01-18,1.67,1.99
2019-01-21,,
2019-01-22,1.63,1.95
2019-01-23,1.64,1.96
2019-01-24,1.62,1.92
2019-01-25,1.64,1.94
2019-01-28,1.62,1.94
2019-01-29,1.62,1.94
2019-01-30,1.68,2.0
2019-01-31,1.7,2.0
2019-02-01,1.72,2.04
2019-02-04,1.72,2.02
2019-02-05,1.72,2.02
2019-02-06,1.71,2.01
2019-02-07,1.69,1.99
2019-02-08,1.69,1.95
2019-02-11,1.69,1.95
2019-02-12,1.71,1.95
2019-02-13,1.76,1.96
2019-02-14,1.74,1.96
2019-02-15,1.75,1.97
2019-02-18,,
2019-02-19,1.76,1.98
2019-02-20,1.79,1.99
2019-02-21,1.8,2.02
2019-02-22,1.82,2.0
2019-02-25,1.82,2.02
2019-02-26,1.82,2.02
2019-02-27,1.84,2.02
2019-02-28,1.84,2.06
2019-03-01,1.85,2.07
2019-03-04,1.84,2.04
2019-03-05,1.83,2.03
2019-03-06,1.81,2.01
2019-03-07,1.8,2.0
2019-03-08,1.8,2.0
2019-03-11,1.82,2.0
2019-03-12,1.81,1.99
2019-03-13,1.84,2.0
2019-03-14,1.85,2.03
2019-03-15,1.86,2.02
2019-03-18,1.88,2.04
2019-03-19,1.85,2.05
2019-03-20,1.88,2.04
2019-03-21,1.86,2.06
2019-03-22,1.8,2.0
2019-03-25,1.77,1.99
2019-03-26,1.75,1.97
2019-03-27,1.74,1.94
2019-03-28,1.72,1.94
2019-03-29,1.78,1.98
2019-04-01,1.82,1.98
2019-04-02,1.81,1.99
2019-04-03,1.81,2.01
2019-04-04,1.81,1.99
2019-04-05,1.79,2.01
2019-04-08,1.81,2.01
2019-04-09,1.8,2.02
2019-04-10,1.83,2.05
2019-04-11,1.82,2.06
2019-04-12,1.86,2.04
2019-04-15,1.85,2.03
2019-04-16,1.86,2.06
2019-04-17,1.84,2.04
2019-04-18,1.86,2.04
2019-04-19,,
2019-04-22,1.87,2.03
2019-04-23,1.87,2.03
2019-04-24,1.87,2.05
2019-04-25,1.86,2.1
2019-04-26,1.86,2.08
2019-04-29,1.86,2.06
2019-04-30,1.85,2.05
2019-05-01,1.83,2.03
2019-05-02,1.78,2.0
2019-05-03,1.8,2.02
2019-05-06,1.81,2.01
2019-05-07,1.76,1.98
2019-05-08,1.75,1.99
2019-05-09,1.73,1.97
2019-05-10,1.75,2.01
2019-05-13,1.73,1.97
2019-05-14,1.75,1.97
2019-05-15,1.74,1.92
2019-05-16,1.75,1.93
2019-05-17,1.71,1.91
2019-05-20,1.71,1.91
2019-05-21,1.72,1.94
2019-05-22,1.68,1.9
2019-05-23,1.62,1.84
2019-05-24,1.62,1.9
2019-05-27,,
2019-05-28,1.58,1.88
2019-05-29,1.59,1.91
2019-05-30,1.59,1.89
2019-05-31,1.58,1.9
2019-06-03,1.56,1.9
2019-06-04,1.59,1.89
2019-06-05,1.59,1.91
2019-06-06,1.58,1.88
2019-06-07,1.61,1.87
2019-06-10,1.6,1.86
2019-06-11,1.57,1.87
2019-06-12,1.53,1.89
2019-06-13,1.51,1.85
2019-06-14,1.48,1.78
2019-06-17,1.45,1.77
2019-06-18,1.49,1.79
2019-06-19,1.53,1.81
2019-06-20,1.58,1.9
2019-06-21,1.6,1.86
2019-06-24,1.57,1.85
2019-06-25,1.52,1.82
2019-06-26,1.56,1.84
2019-06-27,1.53,1.83
2019-06-28,1.53,1.85
2019-07-01,1.53,1.85
2019-07-02,1.5,1.8
2019-07-03,1.51,1.79
2019-07-04,,
2019-07-05,1.55,1.83
2019-07-08,1.55,1.85
2019-07-09,1.56,1.86
2019-07-10,1.59,1.89
2019-07-11,1.63,1.91
2019-07-12,1.62,1.92
2019-07-15,1.61,1.93
2019-07-16,1.63,1.97
2019-07-17,1.6,1.9
2019-07-18,1.6,1.98
2019-07-19,1.6,2.0
2019-07-22,1.59,1.99
2019-07-23,1.61,2.01
2019-07-24,1.59,1.99
2019-07-25,1.6,2.0
2019-07-26,1.57,1.99
2019-07-29,1.57,1.97
2019-07-30,1.58,1.98
2019-07-31,1.56,1.96
2019-08-01,1.47,1.93
2019-08-02,1.45,1.87
2019-08-05,1.39,1.81
2019-08-06,1.4,1.84
2019-08-07,1.38,1.86
2019-08-08,1.43,1.87
2019-08-09,1.44,1.88
2019-08-12,1.39,1.83
2019-08-13,1.44,1.82
2019-08-14,1.36,1.78
2019-08-15,1.34,1.74
2019-08-16,1.34,1.74
2019-08-19,1.36,1.76
2019-08-20,1.34,1.72
2019-08-21,1.34,1.74
2019-08-22,1.35,1.75
2019-08-23,1.35,1.73
2019-08-26,1.34,1.74
2019-08-27,1.36,1.74
2019-08-28,1.36,1.74
2019-08-29,1.39,1.79
2019-08-30,1.35,1.75
2019-09-02,,
2019-09-03,1.29,1.71
2019-09-04,1.31,1.71
2019-09-05,1.35,1.77
2019-09-06,1.35,1.73
2019-09-09,1.38,1.76
2019-09-10,1.4,1.8
2019-09-11,1.4,1.8
2019-09-12,1.43,1.83
2019-09-13,1.46,1.88
2019-09-16,1.48,1.86
2019-09-17,1.46,1.86
2019-09-18,1.4,1.78
2019-09-19,1.41,1.81
2019-09-20,1.42,1.8
2019-09-23,1.42,1.8
2019-09-24,1.39,1.77
2019-09-25,1.41,1.79
2019-09-26,1.4,1.74
2019-09-27,1.36,1.7
2019-09-30,1.35,1.71
2019-10-01,1.33,1.71
2019-10-02,1.29,1.71
2019-10-03,1.25,1.71
2019-10-04,1.27,1.73
2019-10-07,1.27,1.75
2019-10-08,1.25,1.71
2019-10-09,1.24,1.74
2019-10-10,1.29,1.75
2019-10-11,1.34,1.78
2019-10-14,,
2019-10-15,1.33,1.79
2019-10-16,1.35,1.79
2019-10-17,1.52,1.66
2019-10-18,1.52,1.68
2019-10-21,1.53,1.69
2019-10-22,1.53,1.69
2019-10-23,1.52,1.7
2019-10-24,1.52,1.72
2019-10-25,1.55,1.75
2019-10-28,1.53,1.75
2019-10-29,1.51,1.71
2019-10-30,1.47,1.67
2019-10-31,1.44,1.64
2019-11-01,1.5,1.68
2019-11-04,1.56,1.72
2019-11-05,1.58,1.78
2019-11-06,1.57,1.75
2019-11-07,1.61,1.77
2019-11-08,1.63,1.79
2019-11-11,,
2019-11-12,1.6,1.8
2019-11-13,1.58,1.74
2019-11-14,1.54,1.7
2019-11-15,1.52,1.74
2019-11-18,1.54,1.72
2019-11-19,1.53,1.73
2019-11-20,1.51,1.69
2019-11-21,1.53,1.73
2019-11-22,1.53,1.71
2019-11-25,1.53,1.71
2019-11-26,1.52,1.72
2019-11-27,1.54,1.72
2019-11-28,,
2019-11-29,1.5,1.72
2019-12-02,1.54,1.76
2019-12-03,1.51,1.75
2019-12-04,1.54,1.78
2019-12-05,1.55,1.79
2019-12-06,1.59,1.79
2019-12-09,1.59,1.79
2019-12-10,1.59,1.83
2019-12-11,1.6,1.78
2019-12-12,1.62,1.82
2019-12-13,1.62,1.78
2019-12-16,1.64,1.82
2019-12-17,1.65,1.85
2019-12-18,1.68,1.84
2019-12-19,1.68,1.86
2019-12-20,1.67,1.87
2019-12-23,1.67,1.83
2019-12-24,1.67,1.83
2019-12-25,,
2019-12-26,1.66,1.82
2019-12-27,1.64,1.82
2019-12-30,1.66,1.84
2019-12-31,1.68,1.86
2020-01-01,,
2020-01-02,1.72,1.88
2020-01-03,1.69,1.85
2020-01-06,1.69,1.81
2020-01-07,1.67,1.81
2020-01-08,1.68,1.82
2020-01-09,1.67,1.81
2020-01-10,1.67,1.85
2020-01-13,1.7,1.84
2020-01-14,1.7,1.84
2020-01-15,1.67,1.83
2020-01-16,1.68,1.8
2020-01-17,1.68,1.82
2020-01-20,,
2020-01-21,1.66,1.82
2020-01-22,1.64,1.8
2020-01-23,1.64,1.76
2020-01-24,1.62,1.74
2020-01-27,1.56,1.7
2020-01-28,1.59,1.71
2020-01-29,1.58,1.7
2020-01-30,1.59,1.69
2020-01-31,1.6,1.7
2020-02-03,1.56,1.7
2020-02-04,1.58,1.7
2020-02-05,1.61,1.71
2020-02-06,1.61,1.73
2020-02-07,1.61,1.71
2020-02-10,1.62,1.7
2020-02-11,1.6,1.7
2020-02-12,1.64,1.68
2020-02-13,1.65,1.69
2020-02-14,1.64,1.68
2020-02-17,,
2020-02-18,1.64,1.66
2020-02-19,1.65,1.65
2020-02-20,1.63,1.63
2020-02-21,1.6,1.62
2020-02-24,1.57,1.61
2020-02-25,1.52,1.54
2020-02-26,1.5,1.58
2020-02-27,1.48,1.58
2020-02-28,1.33,1.49
2020-03-02,1.32,1.5
2020-03-03,1.34,1.56
2020-03-04,1.34,1.58
2020-03-05,1.28,1.52
2020-03-06,1.14,1.48
2020-03-09,0.8,1.18
2020-03-10,0.77,1.23
2020-03-11,0.69,1.23
2020-03-12,0.63,1.21
2020-03-13,0.53,1.27
2020-03-16,0.3,1.16
2020-03-17,0.16,1.1
2020-03-18,0.16,1.1
2020-03-19,0.14,0.86
2020-03-20,0.31,1.19
2020-03-23,0.37,1.23
2020-03-24,0.55,1.39
2020-03-25,0.69,1.45
2020-03-26,0.72,1.42
2020-03-27,0.54,1.34
2020-03-30,0.57,1.33
2020-03-31,0.49,1.25
2020-04-01,0.56,1.26
2020-04-02,0.73,1.33
2020-04-03,0.78,1.38
2020-04-06,0.85,1.43
2020-04-07,0.86,1.48
2020-04-08,0.87,1.51
2020-04-09,0.9,1.56
2020-04-10,,
2020-04-13,0.94,1.58
2020-04-14,0.94,1.64
2020-04-15,0.87,1.51
2020-04-16,0.7,1.36
2020-04-17,0.67,1.35
2020-04-20,0.56,1.32
2020-04-21,0.58,1.34
2020-04-22,0.69,1.43
2020-04-23,0.67,1.43
2020-04-24,0.72,1.5
2020-04-27,0.78,1.56
2020-04-28,0.76,1.52
2020-04-29,0.78,1.5
2020-04-30,0.72,1.42
2020-05-01,0.68,1.44
2020-05-04,0.69,1.45
2020-05-05,0.71,1.49
2020-05-06,0.71,1.49
2020-05-07,0.7,1.46
2020-05-08,0.74,1.5
2020-05-11,0.75,1.51
2020-05-12,0.72,1.46
2020-05-13,0.71,1.43
2020-05-14,0.71,1.41
2020-05-15,0.75,1.43
2020-05-18,0.84,1.5
2020-05-19,0.82,1.48
2020-05-20,0.83,1.49
2020-05-21,0.81,1.47
2020-05-22,0.8,1.44
2020-05-25,,
2020-05-26,0.82,1.44
2020-05-27,0.82,1.46
2020-05-28,0.86,1.5
2020-05-29,0.83,1.47
2020-06-01,0.84,1.52
2020-06-02,0.84,1.52
2020-06-03,0.88,1.54
2020-06-04,0.88,1.56
2020-06-05,0.95,1.59
2020-06-08,0.98,1.58
2020-06-09,0.98,1.54
2020-06-10,1.0,1.54
2020-06-11,0.95,1.47
2020-06-12,0.95,1.47
2020-06-15,0.98,1.48
2020-06-16,1.02,1.52
2020-06-17,1.01,1.51
2020-06-18,1.12,1.44
2020-06-19,1.06,1.54
2020-06-22,1.11,1.57
2020-06-23,1.14,1.62
2020-06-24,1.1,1.56
2020-06-25,1.11,1.55
2020-06-26,1.11,1.53
2020-06-29,1.14,1.54
2020-06-30,1.16,1.52
2020-07-01,1.17,1.57
2020-07-02,1.21,1.61
2020-07-03,,
2020-07-06,1.28,1.62
2020-07-07,1.26,1.6
2020-07-08,1.25,1.59
2020-07-09,1.22,1.56
2020-07-10,1.25,1.57
2020-07-13,1.27,1.57
2020-07-14,1.27,1.55
2020-07-15,1.28,1.54
2020-07-16,1.3,1.52
2020-07-17,1.35,1.57
2020-07-20,1.37,1.55
2020-07-21,1.4,1.56
2020-07-22,1.4,1.56
2020-07-23,1.37,1.61
2020-07-24,1.35,1.67
2020-07-27,1.38,1.66
2020-07-28,1.36,1.66
2020-07-29,1.38,1.68
2020-07-30,1.37,1.67
2020-07-31,1.4,1.7
2020-08-03,1.46,1.7
2020-08-04,1.45,1.69
2020-08-05,1.52,1.7
2020-08-06,1.53,1.73
2020-08-07,1.5,1.72
2020-08-10,1.49,1.73
2020-08-11,1.5,1.76
2020-08-12,1.56,1.78
2020-08-13,1.56,1.78
2020-08-14,1.53,1.77
2020-08-17,1.54,1.78
2020-08-18,1.55,1.81
2020-08-19,1.55,1.79
2020-08-20,1.48,1.76
2020-08-21,1.52,1.76
2020-08-24,1.57,1.77
2020-08-25,1.6,1.8
2020-08-26,1.63,1.81
2020-08-27,1.65,1.81
2020-08-28,1.68,1.86
2020-08-31,1.69,1.91
2020-09-01,1.65,1.87
2020-09-02,1.61,1.85
2020-09-03,1.53,1.77
2020-09-04,1.57,1.83
2020-09-07,,
2020-09-08,1.55,1.81
2020-09-09,1.57,1.85
2020-09-10,1.54,1.84
2020-09-11,1.53,1.77
2020-09-14,1.54,1.76
2020-09-15,1.54,1.8
2020-09-16,1.57,1.79
2020-09-17,1.57,1.75
2020-09-18,1.58,1.76
2020-09-21,1.5,1.74
2020-09-22,1.5,1.74
2020-09-23,1.48,1.72
2020-09-24,1.45,1.71
2020-09-25,1.43,1.73
2020-09-28,1.48,1.74
2020-09-29,1.49,1.79
2020-09-30,1.5,1.76
2020-10-01,1.48,1.78
2020-10-02,1.48,1.8
2020-10-05,1.52,1.84
2020-10-06,1.51,1.81
2020-10-07,1.54,1.88
2020-10-08,1.56,1.88
2020-10-09,1.56,1.9
2020-10-12,,
2020-10-13,1.52,1.88
2020-10-14,1.52,1.86
2020-10-15,1.52,1.86
2020-10-16,1.53,1.89
2020-10-19,1.53,1.89
2020-10-20,1.53,1.91
2020-10-21,1.56,1.92
2020-10-22,1.68,1.84
2020-10-23,1.66,1.84
2020-10-26,1.63,1.81
2020-10-27,1.64,1.78
2020-10-28,1.61,1.79
2020-10-29,1.61,1.81
2020-10-30,1.59,1.81
2020-11-02,1.6,1.82
2020-11-03,1.62,1.82
2020-11-04,1.56,1.72
2020-11-05,1.55,1.77
2020-11-06,1.54,1.76
2020-11-09,1.63,1.83
2020-11-10,1.69,1.83
2020-11-11,,
2020-11-12,1.63,1.79
2020-11-13,1.64,1.8
2020-11-16,1.64,1.8
2020-11-17,1.63,1.77
2020-11-18,1.63,1.77
2020-11-19,1.62,1.78
2020-11-20,1.61,1.77
2020-11-23,1.62,1.8
2020-11-24,1.65,1.83
2020-11-25,1.67,1.83
2020-11-26,,
2020-11-27,1.67,1.83
2020-11-30,1.68,1.86
2020-12-01,1.72,1.9
2020-12-02,1.76,1.94
2020-12-03,1.78,1.94
2020-12-04,1.83,1.95
2020-12-07,1.84,1.92
2020-12-08,1.84,1.94
2020-12-09,1.84,1.98
2020-12-10,1.83,1.93
2020-12-11,1.82,1.92
2020-12-14,1.84,1.92
2020-12-15,1.86,1.96
2020-12-16,1.9,1.94
2020-12-17,1.9,1.98
2020-12-18,1.92,1.98
2020-12-21,1.9,2.0
2020-12-22,1.92,1.96
2020-12-23,1.93,2.01
2020-12-24,1.92,2.02
2020-12-25,,
2020-12-28,1.92,2.02
2020-12-29,1.9,2.02
2020-12-30,1.92,2.0
2020-12-31,1.95,2.03
2021-01-01,,
2021-01-04,1.98,2.04
2021-01-05,2.01,2.05
2021-01-06,2.04,2.08
2021-01-07,2.09,2.09
2021-01-08,2.07,2.05
2021-01-11,2.04,2.08
2021-01-12,2.06,2.1
2021-01-13,2.04,2.08
2021-01-14,2.09,2.09
2021-01-15,2.09,2.11
2021-01-18,,
2021-01-19,2.12,2.08
2021-01-20,2.15,2.09
2021-01-21,2.18,2.02
2021-01-22,2.16,2.02
2021-01-25,2.15,2.01
2021-01-26,2.15,2.01
2021-01-27,2.15,2.01
2021-01-28,2.18,2.08
2021-01-29,2.21,2.05
2021-02-01,2.18,2.04
2021-02-02,2.23,2.07
2021-02-03,2.27,2.11
2021-02-04,2.25,2.09
2021-02-05,2.28,2.14
2021-02-08,2.31,2.13
2021-02-09,2.31,2.13
2021-02-10,2.31,2.11
2021-02-11,2.32,2.08
2021-02-12,2.35,2.07
2021-02-15,,
2021-02-16,2.37,2.11
2021-02-17,2.35,2.07
2021-02-18,2.29,2.03
2021-02-19,2.29,1.99
2021-02-22,2.35,1.97
2021-02-23,2.35,1.97
2021-02-24,2.38,1.96
2021-02-25,2.34,1.94
2021-02-26,2.39,1.91
2021-03-01,2.4,1.92
2021-03-02,2.43,1.97
2021-03-03,2.45,1.97
2021-03-04,2.43,1.97
2021-03-05,2.43,2.01
2021-03-08,2.42,2.0
2021-03-09,2.41,2.01
2021-03-10,2.47,2.05
2021-03-11,2.51,2.05
2021-03-12,2.51,2.01
2021-03-15,2.54,2.0
2021-03-16,2.59,2.01
2021-03-17,2.58,2.02
2021-03-18,2.5,2.04
2021-03-19,2.51,2.11
2021-03-22,2.51,2.15
2021-03-23,2.48,2.1
2021-03-24,2.53,2.09
2021-03-25,2.54,2.1
2021-03-26,2.57,2.11
2021-03-29,2.56,2.16
2021-03-30,2.52,2.18
2021-03-31,2.54,2.2
2021-04-01,2.55,2.15
2021-04-02,2.58,2.14
2021-04-05,2.55,2.15
2021-04-06,2.52,2.12
2021-04-07,2.53,2.15
2021-04-08,2.55,2.11
2021-04-09,2.51,2.11
2021-04-12,2.52,2.14
2021-04-13,2.54,2.12
2021-04-14,2.56,2.1
2021-04-15,2.55,2.11
2021-04-16,2.57,2.15
2021-04-19,2.56,2.12
2021-04-20,2.52,2.12
2021-04-21,2.53,2.13
2021-04-22,2.42,2.24
2021-04-23,2.44,2.24
2021-04-26,2.47,2.25
2021-04-27,2.51,2.27
2021-04-28,2.54,2.28
2021-04-29,2.56,2.28
2021-04-30,2.57,2.25
2021-05-03,2.6,2.24
2021-05-04,2.62,2.22
2021-05-05,2.68,2.26
2021-05-06,2.66,2.24
2021-05-07,2.65,2.33
2021-05-10,2.71,2.37
2021-05-11,2.68,2.38
2021-05-12,2.72,2.36
2021-05-13,2.65,2.37
2021-05-14,2.68,2.34
2021-05-17,2.72,2.36
2021-05-18,2.72,2.32
2021-05-19,2.66,2.3
2021-05-20,2.59,2.23
2021-05-21,2.62,2.24
2021-05-24,2.64,2.24
2021-05-25,2.63,2.21
2021-05-26,2.6,2.2
2021-05-27,2.59,2.25
2021-05-28,2.57,2.27
2021-05-31,,
2021-06-01,2.6,2.32
2021-06-02,2.59,2.29
2021-06-03,2.56,2.28
2021-06-04,2.54,2.26
2021-06-07,2.51,2.27
2021-06-08,2.47,2.25
2021-06-09,2.41,2.23
2021-06-10,2.47,2.23
2021-06-11,2.43,2.21
2021-06-14,2.44,2.28
2021-06-15,2.46,2.3
2021-06-16,2.41,2.23
2021-06-17,2.31,2.23
2021-06-18,2.37,2.11
2021-06-21,2.41,2.09
2021-06-22,2.46,2.16
2021-06-23,2.49,2.19
2021-06-24,2.45,2.15
2021-06-25,2.46,2.22
2021-06-28,2.45,2.21
2021-06-29,2.46,2.18
2021-06-30,2.47,2.17
2021-07-01,2.49,2.21
2021-07-02,2.49,2.17
2021-07-05,,
2021-07-06,2.48,2.14
2021-07-07,2.43,2.13
2021-07-08,2.38,2.06
2021-07-09,2.44,2.12
2021-07-12,2.48,2.18
2021-07-13,2.56,2.16
2021-07-14,2.53,2.15
2021-07-15,2.53,2.11
2021-07-16,2.52,2.14
2021-07-19,2.41,2.07
2021-07-20,2.4,2.12
2021-07-21,2.45,2.11
2021-07-22,2.46,2.1
2021-07-23,2.53,2.17
2021-07-26,2.59,2.21
2021-07-27,2.55,2.21
2021-07-28,2.57,2.25
2021-07-29,2.58,2.28
2021-07-30,2.56,2.24
2021-08-02,2.51,2.23
2021-08-03,2.51,2.25
2021-08-04,2.5,2.2
2021-08-05,2.46,2.2
2021-08-06,2.5,2.24
2021-08-09,2.5,2.24
2021-08-10,2.53,2.27
2021-08-11,2.55,2.29
2021-08-12,2.55,2.27
2021-08-13,2.52,2.22
2021-08-16,2.5,2.22
2021-08-17,2.49,2.17
2021-08-18,2.48,2.16
2021-08-19,2.45,2.11
2021-08-20,2.4,2.14
2021-08-23,2.43,2.11
2021-08-24,2.45,2.15
2021-08-25,2.51,2.19
2021-08-26,2.5,2.16
2021-08-27,2.53,2.25
2021-08-30,2.51,2.23
2021-08-31,2.48,2.18
2021-09-01,2.48,2.2
2021-09-02,2.47,2.17
2021-09-03,2.48,2.2
2021-09-06,,
2021-09-07,2.51,2.21
2021-09-08,2.53,2.23
2021-09-09,2.55,2.21
2021-09-10,2.55,2.25
2021-09-13,2.53,2.21
2021-09-14,2.49,2.17
2021-09-15,2.51,2.19
2021-09-16,2.53,2.17
2021-09-17,2.51,2.15
2021-09-20,2.43,2.15
2021-09-21,2.44,2.14
2021-09-22,2.41,2.15
2021-09-23,2.48,2.14
2021-09-24,2.47,2.21
2021-09-27,2.5,2.2
2021-09-28,2.53,2.23
2021-09-29,2.52,2.22
2021-09-30,2.51,2.23
2021-10-01,2.51,2.25
2021-10-04,2.53,2.23
2021-10-05,2.59,2.31
2021-10-06,2.57,2.29
2021-10-07,2.61,2.31
2021-10-08,2.64,2.36
2021-10-11,,
2021-10-12,2.64,2.34
2021-10-13,2.68,2.36
2021-10-14,2.69,2.35
2021-10-15,2.71,2.41
2021-10-18,2.71,2.37
2021-10-19,2.71,2.37
2021-10-20,2.77,2.37
2021-10-21,2.94,2.34
2021-10-22,2.91,2.37
2021-10-25,2.95,2.37
2021-10-26,2.99,2.39
2021-10-27,2.96,2.34
2021-10-28,2.9,2.24
2021-10-29,2.89,2.13
2021-11-01,2.86,2.14
2021-11-02,2.84,2.18
2021-11-03,2.86,2.2
2021-11-04,2.88,2.24
2021-11-05,2.87,2.21
2021-11-08,2.94,2.3
2021-11-09,2.96,2.3
2021-11-10,3.08,2.32
2021-11-11,,
2021-11-12,3.11,2.35
2021-11-15,3.17,2.35
2021-11-16,3.17,2.29
2021-11-17,3.14,2.26
2021-11-18,3.11,2.35
2021-11-19,3.02,2.28
2021-11-22,2.98,2.24
2021-11-23,3.0,2.24
2021-11-24,3.03,2.19
2021-11-25,,
2021-11-26,2.92,2.18
2021-11-29,2.91,2.17
2021-11-30,2.8,2.2
2021-12-01,2.7,2.18
2021-12-02,2.73,2.21
2021-12-03,2.72,2.14
2021-12-06,2.79,2.09
2021-12-07,2.84,2.1
2021-12-08,2.88,2.16
2021-12-09,2.8,2.14
2021-12-10,2.76,2.12
2021-12-13,2.73,2.07
2021-12-14,2.66,2.08
2021-12-15,2.67,2.11
2021-12-16,2.7,2.14
2021-12-17,2.65,2.11
2021-12-20,2.65,2.13
2021-12-21,2.69,2.19
2021-12-22,2.7,2.24
2021-12-23,2.72,2.22
2021-12-24,,
2021-12-27,2.75,2.25
2021-12-28,2.78,2.22
2021-12-29,2.83,2.23
2021-12-30,2.86,2.3
2021-12-31,2.87,2.25
2022-01-03,2.95,2.25
2022-01-04,2.93,2.21
2022-01-05,2.87,2.19
2022-01-06,2.77,2.15
2022-01-07,2.78,2.18
2022-01-10,2.77,2.19
2022-01-11,2.87,2.21
2022-01-12,2.82,2.14
2022-01-13,2.77,2.09
2022-01-14,2.79,2.09
2022-01-17,,
2022-01-18,2.8,2.12
2022-01-19,2.73,2.07
2022-01-20,2.74,1.92
2022-01-21,2.7,1.98
2022-01-24,2.74,2.02
2022-01-25,2.78,2.04
2022-01-26,2.75,2.01
2022-01-27,2.76,2.04
2022-01-28,2.8,2.08
2022-01-31,2.82,2.06
2022-02-01,2.8,2.06
2022-02-02,2.79,2.03
2022-02-03,2.76,2.0
2022-02-04,2.78,2.04
2022-02-07,2.75,2.05
2022-02-08,2.77,2.07
2022-02-09,2.78,2.06
2022-02-10,2.81,2.09
2022-02-11,2.82,2.04
2022-02-14,2.91,2.05
2022-02-15,2.89,2.07
2022-02-16,2.87,2.05
2022-02-17,2.87,1.99
2022-02-18,2.86,1.96
2022-02-21,,
2022-02-22,2.89,2.01
2022-02-23,3.01,2.05
2022-02-24,3.05,2.05
2022-02-25,3.02,2.06
2022-02-28,3.11,2.13
2022-03-01,3.14,2.1
2022-03-02,3.23,2.19
2022-03-03,3.17,2.21
2022-03-04,3.19,2.15
2022-03-07,3.29,2.25
2022-03-08,3.43,2.37
2022-03-09,3.33,2.35
2022-03-10,3.42,2.3
2022-03-11,3.52,2.36
2022-03-14,3.5,2.36
2022-03-15,3.42,2.26
2022-03-16,3.34,2.26
2022-03-17,3.51,2.31
2022-03-18,3.48,2.24
2022-03-21,3.52,2.28
2022-03-22,3.52,2.3
2022-03-23,3.57,2.31
2022-03-24,3.57,2.27
2022-03-25,3.59,2.31
2022-03-28,3.56,2.34
2022-03-29,3.4,2.32
2022-03-30,3.41,2.31
2022-03-31,3.34,2.34
2022-04-01,3.28,2.32
2022-04-04,3.28,2.32
2022-04-05,3.31,2.37
2022-04-06,3.28,2.38
2022-04-07,3.26,2.38
2022-04-08,3.33,2.41
2022-04-11,3.37,2.45
2022-04-12,3.31,2.41
2022-04-13,3.25,2.35
2022-04-14,3.33,2.45
2022-04-15,,
2022-04-18,3.36,2.48
2022-04-19,3.36,2.5
2022-04-20,3.36,2.48
2022-04-21,3.37,2.67
2022-04-22,3.37,2.59
2022-04-25,3.27,2.55
2022-04-26,3.25,2.45
2022-04-27,3.28,2.48
2022-04-28,3.39,2.55
2022-04-29,3.3,2.46
2022-05-02,3.21,2.41
2022-05-03,3.21,2.45
2022-05-04,3.24,2.48
2022-05-05,3.23,2.51
2022-05-06,3.22,2.5
2022-05-09,3.06,2.44
2022-05-10,2.92,2.38
2022-05-11,3.0,2.4
2022-05-12,2.89,2.29
2022-05-13,3.03,2.35
2022-05-16,3.04,2.32
2022-05-17,3.08,2.34
2022-05-18,3.05,2.39
2022-05-19,2.97,2.21
2022-05-20,2.88,2.22
2022-05-23,2.92,2.28
2022-05-24,2.87,2.23
2022-05-25,2.88,2.24
2022-05-26,2.96,2.28
2022-05-27,2.95,2.31
2022-05-30,,
2022-05-31,2.96,2.32
2022-06-01,2.96,2.34
2022-06-02,2.97,2.35
2022-06-03,3.04,2.44
2022-06-06,3.05,2.47
2022-06-07,3.03,2.43
2022-06-08,3.06,2.44
2022-06-09,3.08,2.42
2022-06-10,3.13,2.39
2022-06-13,3.11,2.37
2022-06-14,2.88,2.32
2022-06-15,3.0,2.4
2022-06-16,2.87,2.37
2022-06-17,2.8,2.36
2022-06-20,,
2022-06-21,2.84,2.38
2022-06-22,2.74,2.34
2022-06-23,2.69,2.31
2022-06-24,2.82,2.3
2022-06-27,2.79,2.31
2022-06-28,2.73,2.23
2022-06-29,2.59,2.13
2022-06-30,2.58,2.08
2022-07-01,2.6,2.08
2022-07-04,,
2022-07-05,2.51,2.09
2022-07-06,2.48,2.1
2022-07-07,2.53,2.13
2022-07-08,2.62,2.12
2022-07-11,2.56,2.08
2022-07-12,2.5,2.14
2022-07-13,2.51,2.11
2022-07-14,2.54,2.14
2022-07-15,2.59,2.13
2022-07-18,2.63,2.11
2022-07-19,2.67,2.11
2022-07-20,2.67,2.09
2022-07-21,2.55,2.11
2022-07-22,2.56,2.12
2022-07-25,2.58,2.14
2022-07-26,2.56,2.16
2022-07-27,2.61,2.23
2022-07-28,2.67,2.29
2022-07-29,2.73,2.33
2022-08-01,2.72,2.3
2022-08-02,2.69,2.27
2022-08-03,2.72,2.28
2022-08-04,2.64,2.28
2022-08-05,2.64,2.28
2022-08-08,2.65,2.31
2022-08-09,2.66,2.28
2022-08-10,2.61,2.25
2022-08-11,2.67,2.27
2022-08-12,2.67,2.27
2022-08-15,2.62,2.26
2022-08-16,2.61,2.27
2022-08-17,2.65,2.27
2022-08-18,2.7,2.34
2022-08-19,2.72,2.38
2022-08-22,2.74,2.4
2022-08-23,2.77,2.39
2022-08-24,2.79,2.45
2022-08-25,2.77,2.43
2022-08-26,2.73,2.41
2022-08-29,2.71,2.45
2022-08-30,2.67,2.43
2022-08-31,2.58,2.38
2022-09-01,2.52,2.38
2022-09-02,2.55,2.39
2022-09-05,,
2022-09-06,2.56,2.4
2022-09-07,2.51,2.39
2022-09-08,2.46,2.36
2022-09-09,2.51,2.33
2022-09-12,2.52,2.32
2022-09-13,2.56,2.32
2022-09-14,2.62,2.3
2022-09-15,2.57,2.29
2022-09-16,2.49,2.27
2022-09-19,2.44,2.24
2022-09-20,2.48,2.32
2022-09-21,2.47,2.29
2022-09-22,2.45,2.37
2022-09-23,2.38,2.36
2022-09-26,2.33,2.31
2022-09-27,2.35,2.31
2022-09-28,2.37,2.29
2022-09-29,2.18,2.2
2022-09-30,2.14,2.16
2022-10-03,2.26,2.22
2022-10-04,2.28,2.2
2022-10-05,2.26,2.18
2022-10-06,2.29,2.15
2022-10-07,2.36,2.18
2022-10-10,,
2022-10-11,2.36,2.26
2022-10-12,2.32,2.26
2022-10-13,2.38,2.3
2022-10-14,2.44,2.38
2022-10-17,2.48,2.42
2022-10-18,2.42,2.4
2022-10-19,2.46,2.38
2022-10-20,2.65,2.37
2022-10-21,2.69,2.35
2022-10-24,2.72,2.46
2022-10-25,2.62,2.4
2022-10-26,2.56,2.32
2022-10-27,2.57,2.33
2022-10-28,2.62,2.4
2022-10-31,2.67,2.37
2022-11-01,2.65,2.37
2022-11-02,2.68,2.38
2022-11-03,2.54,2.26
2022-11-04,2.61,2.35
2022-11-07,2.67,2.39
2022-11-08,2.61,2.39
2022-11-09,2.53,2.31
2022-11-10,2.47,2.31
2022-11-11,,
2022-11-14,2.42,2.32
2022-11-15,2.4,2.3
2022-11-16,2.35,2.23
2022-11-17,2.32,2.24
2022-11-18,2.28,2.22
2022-11-21,2.34,2.28
2022-11-22,2.35,2.29
2022-11-23,2.33,2.31
2022-11-24,,
2022-11-25,2.34,2.3
2022-11-28,2.29,2.23
2022-11-29,2.3,2.2
2022-11-30,2.41,2.27
2022-12-01,2.45,2.27
2022-12-02,2.51,2.35
2022-12-05,2.46,2.32
2022-12-06,2.38,2.24
2022-12-07,2.33,2.19
2022-12-08,2.36,2.2
2022-12-09,2.3,2.22
2022-12-12,2.35,2.21
2022-12-13,2.31,2.17
2022-12-14,2.25,2.13
2022-12-15,2.21,2.11
2022-12-16,2.14,2.12
2022-12-19,2.19,2.11
2022-12-20,2.26,2.22
2022-12-21,2.31,2.23
2022-12-22,2.24,2.14
2022-12-23,2.29,2.11
2022-12-26,,
2022-12-27,2.33,2.19
2022-12-28,2.33,2.23
2022-12-29,2.32,2.22
2022-12-30,2.33,2.27
2023-01-02,,
2023-01-03,2.29,2.23
2023-01-04,2.21,2.23
2023-01-05,2.22,2.22
2023-01-06,2.18,2.24
2023-01-09,2.18,2.26
2023-01-10,2.2,2.28
2023-01-11,2.21,2.25
2023-01-12,2.21,2.21
2023-01-13,2.2,2.16
2023-01-16,,
2023-01-17,2.18,2.16
2023-01-18,2.09,2.15
2023-01-19,2.21,2.19
2023-01-20,2.23,2.23
2023-01-23,2.28,2.28
2023-01-24,2.29,2.25
2023-01-25,2.28,2.3
2023-01-26,2.32,2.34
2023-01-27,2.33,2.33
2023-01-30,2.3,2.28
2023-01-31,2.27,2.21
2023-02-01,2.29,2.21
2023-02-02,2.26,2.18
2023-02-03,2.27,2.17
2023-02-06,2.33,2.17
2023-02-07,2.4,2.22
2023-02-08,2.46,2.22
2023-02-09,2.45,2.21
2023-02-10,2.47,2.19
2023-02-13,2.44,2.18
2023-02-14,2.45,2.17
2023-02-15,2.51,2.19
2023-02-16,2.52,2.22
2023-02-17,2.5,2.22
2023-02-20,,
2023-02-21,2.58,2.26
2023-02-22,2.52,2.3
2023-02-23,2.5,2.28
2023-02-24,2.47,2.29
2023-02-27,2.49,2.23
2023-02-28,2.58,2.28
2023-03-01,2.59,2.29
2023-03-02,2.65,2.31
2023-03-03,2.71,2.33
2023-03-06,2.7,2.28
2023-03-07,2.54,2.22
2023-03-08,2.47,2.17
2023-03-09,2.43,2.17
2023-03-10,2.34,2.18
2023-03-13,2.26,2.22
2023-03-14,2.35,2.27
2023-03-15,2.33,2.25
2023-03-16,2.26,2.18
2023-03-17,2.1,2.1
2023-03-20,2.14,2.14
2023-03-21,2.25,2.21
2023-03-22,2.31,2.25
2023-03-23,2.26,2.12
2023-03-24,2.21,2.23
2023-03-27,2.27,2.21
2023-03-28,2.34,2.28
2023-03-29,2.38,2.28
2023-03-30,2.4,2.28
2023-03-31,2.4,2.24
2023-04-03,2.39,2.19
2023-04-04,2.32,2.18
2023-04-05,2.29,2.17
2023-04-06,2.31,2.17
2023-04-07,2.33,2.17
2023-04-10,2.34,2.2
2023-04-11,2.36,2.22
2023-04-12,2.29,2.25
2023-04-13,2.29,2.29
2023-04-14,2.31,2.29
2023-04-17,2.35,2.29
2023-04-18,2.33,2.23
2023-04-19,2.33,2.23
2023-04-20,2.28,2.24
2023-04-21,2.3,2.26
2023-04-24,2.33,2.23
2023-04-25,2.26,2.24
2023-04-26,2.26,2.24
2023-04-27,2.29,2.25
2023-04-28,2.2,2.16
2023-05-01,2.24,2.22
2023-05-02,2.18,2.22
2023-05-03,2.19,2.21
2023-05-04,2.13,2.25
2023-05-05,2.19,2.23
2023-05-08,2.22,2.24
2023-05-09,2.22,2.24
2023-05-10,2.13,2.21
2023-05-11,2.1,2.22
2023-05-12,2.11,2.25
2023-05-15,2.12,2.26
2023-05-16,2.11,2.27
2023-05-17,2.16,2.28
2023-05-18,2.16,2.3
2023-05-19,2.19,2.29
2023-05-22,2.18,2.3
2023-05-23,2.21,2.31
2023-05-24,2.14,2.36
2023-05-25,2.12,2.38
2023-05-26,2.13,2.33
2023-05-29,,
2023-05-30,2.12,2.32
2023-05-31,2.07,2.29
2023-06-01,2.07,2.25
2023-06-02,2.13,2.23
2023-06-05,2.15,2.23
2023-06-06,2.14,2.26
2023-06-07,2.15,2.27
2023-06-08,2.14,2.26
2023-06-09,2.13,2.27
2023-06-12,2.09,2.25
2023-06-13,2.12,2.28
2023-06-14,2.15,2.27
2023-06-15,2.16,2.26
2023-06-16,2.17,2.27
2023-06-19,,
2023-06-20,2.14,2.3
2023-06-21,2.15,2.27
2023-06-22,2.18,2.3
2023-06-23,2.16,2.26
2023-06-26,2.13,2.23
2023-06-27,2.12,2.28
2023-06-28,2.12,2.24
2023-06-29,2.15,2.25
2023-06-30,2.18,2.26
2023-07-03,2.21,2.29
2023-07-04,,
2023-07-05,2.2,2.32
2023-07-06,2.22,2.32
2023-07-07,2.22,2.32
2023-07-10,2.19,2.31
2023-07-11,2.16,2.32
2023-07-12,2.18,2.34
2023-07-13,2.16,2.32
2023-07-14,2.15,2.33
2023-07-17,2.16,2.34
2023-07-18,2.13,2.33
2023-07-19,2.13,2.31
2023-07-20,2.21,2.49
2023-07-21,2.23,2.47
2023-07-24,2.28,2.48
2023-07-25,2.26,2.52
2023-07-26,2.24,2.48
2023-07-27,2.27,2.47
2023-07-28,2.28,2.48
2023-07-31,2.27,2.47
2023-08-01,2.26,2.48
2023-08-02,2.25,2.47
2023-08-03,2.24,2.5
2023-08-04,2.26,2.5
2023-08-07,2.29,2.53
2023-08-08,2.24,2.48
2023-08-09,2.23,2.45
2023-08-10,2.25,2.41
2023-08-11,2.3,2.42
2023-08-14,2.29,2.43
2023-08-15,2.24,2.4
2023-08-16,2.23,2.41
2023-08-17,2.24,2.42
2023-08-18,2.22,2.42
2023-08-21,2.25,2.43
2023-08-22,2.27,2.43
2023-08-23,2.26,2.44
2023-08-24,2.24,2.4
2023-08-25,2.25,2.41
2023-08-28,2.21,2.39
2023-08-29,2.18,2.4
2023-08-30,2.16,2.36
2023-08-31,2.15,2.33
2023-09-01,2.17,2.35
2023-09-04,,
2023-09-05,2.21,2.37
2023-09-06,2.23,2.37
2023-09-07,2.24,2.4
2023-09-08,2.26,2.4
2023-09-11,2.26,2.44
2023-09-12,2.27,2.41
2023-09-13,2.28,2.42
2023-09-14,2.27,2.41
2023-09-15,2.27,2.43
2023-09-18,2.29,2.43
2023-09-19,2.3,2.44
2023-09-20,2.27,2.43
2023-09-21,2.29,2.47
2023-09-22,2.29,2.45
2023-09-25,2.25,2.49
2023-09-26,2.2,2.46
2023-09-27,2.23,2.45
2023-09-28,2.27,2.51
2023-09-29,2.22,2.48
2023-10-02,2.23,2.47
2023-10-03,2.21,2.51
2023-10-04,2.18,2.48
2023-10-05,2.14,2.48
2023-10-06,2.17,2.45
2023-10-09,,
2023-10-10,2.18,2.46
2023-10-11,2.2,2.44
2023-10-12,2.23,2.45
2023-10-13,2.26,2.42
2023-10-16,2.3,2.46
2023-10-17,2.32,2.5
2023-10-18,2.35,2.53
2023-10-19,2.52,2.46
2023-10-20,2.47,2.47
2023-10-23,2.41,2.41
2023-10-24,2.38,2.42
2023-10-25,2.4,2.46
2023-10-26,2.37,2.47
2023-10-27,2.39,2.45
2023-10-30,2.4,2.48
2023-10-31,2.4,2.44
2023-11-01,2.36,2.46
2023-11-02,2.35,2.45
2023-11-03,2.32,2.46
2023-11-06,2.35,2.49
2023-11-07,2.32,2.46
2023-11-08,2.29,2.39
2023-11-09,2.3,2.36
2023-11-10,2.28,2.36
2023-11-13,2.29,2.33
2023-11-14,2.23,2.33
2023-11-15,2.24,2.38
2023-11-16,2.2,2.34
2023-11-17,2.23,2.33
2023-11-20,2.26,2.34
2023-11-21,2.19,2.31
2023-11-22,2.21,2.31
2023-11-23,,
2023-11-24,2.21,2.31
2023-11-27,2.12,2.3
2023-11-28,2.15,2.29
