date,DPCCRG,DHSGRG,IA000062,CoreServ
1989-01-01,4.66249,0.692844,1.13658,2.83306
1989-02-01,4.71326,0.686892,1.15602,2.87034
1989-03-01,4.57854,0.694615,1.02047,2.86345
1989-04-01,4.42239,0.705152,0.965362,2.75188
1989-05-01,4.37851,0.738556,0.961443,2.67851
1989-06-01,4.21632,0.724379,0.908335,2.5836
1989-07-01,4.05957,0.734575,0.823858,2.50114
1989-08-01,3.94594,0.737266,0.824576,2.38409
1989-09-01,3.75087,0.72413,0.694788,2.33195
1989-10-01,3.73313,0.7939,0.683298,2.25593
1989-11-01,3.72468,0.778021,0.688666,2.25799
1989-12-01,3.67544,0.803463,0.587611,2.28436
1990-01-01,3.55018,0.77441,0.535266,2.24051
1990-02-01,3.78903,0.737812,0.814198,2.23702
1990-03-01,3.97787,0.82691,0.878288,2.27267
1990-04-01,3.93854,0.833438,0.808132,2.29697
1990-05-01,3.94584,0.805238,0.776886,2.36372
1990-06-01,4.07333,0.893962,0.775489,2.40388
1990-07-01,4.06805,0.910341,0.812263,2.34544
1990-08-01,4.35612,0.948307,0.871292,2.53652
1990-09-01,4.35817,0.923746,0.868158,2.56627
1990-10-01,4.33388,0.857478,0.805402,2.671
1990-11-01,4.1829,0.792088,0.731759,2.65905
1990-12-01,4.03196,0.771011,0.793003,2.46794
1991-01-01,4.14998,0.790971,0.864963,2.49405
1991-02-01,3.93321,0.815492,0.7339,2.38382
1991-03-01,3.65164,0.688871,0.73354,2.22923
1991-04-01,3.55069,0.664058,0.777799,2.10883
1991-05-01,3.64634,0.667176,0.79061,2.18856
1991-06-01,3.46816,0.541585,0.727959,2.19862
1991-07-01,3.52226,0.475669,0.778115,2.26847
1991-08-01,3.37596,0.396142,0.817672,2.16215
1991-09-01,3.4282,0.405477,0.811886,2.21083
1991-10-01,3.30543,0.440099,0.767596,2.09774
1991-11-01,3.37328,0.494635,0.879818,1.99883
1991-12-01,3.48437,0.521773,0.795049,2.16755
1992-01-01,3.25129,0.494168,0.659046,2.09808
1992-02-01,3.24721,0.498587,0.5737,2.17492
1992-03-01,3.28888,0.51923,0.539083,2.23057
1992-04-01,3.42088,0.516444,0.514155,2.39028
1992-05-01,3.15534,0.500068,0.528439,2.12684
1992-06-01,3.0124,0.496319,0.537538,1.97854
1992-07-01,3.08788,0.507286,0.496046,2.08455
1992-08-01,2.8995,0.509538,0.446714,1.94325
1992-09-01,2.65641,0.46154,0.349846,1.84502
1992-10-01,2.82464,0.459496,0.357276,2.00786
1992-11-01,2.85728,0.464283,0.32085,2.07214
1992-12-01,2.79511,0.431086,0.359784,2.00424
1993-01-01,2.81422,0.453925,0.344782,2.01552
1993-02-01,2.73138,0.456547,0.345205,1.92962
1993-03-01,2.69958,0.458285,0.306279,1.93501
1993-04-01,2.66114,0.470923,0.318594,1.87162
1993-05-01,2.86434,0.481988,0.242359,2.14
1993-06-01,2.88233,0.493823,0.244758,2.14375
1993-07-01,2.70731,0.488446,0.199808,2.01905
1993-08-01,2.80542,0.479565,0.229267,2.09658
1993-09-01,2.79314,0.510228,0.193262,2.08965
1993-10-01,2.56698,0.490698,0.212088,1.8642
1993-11-01,2.60745,0.474036,0.245407,1.88801
1993-12-01,2.46314,0.4795,0.207724,1.77591
1994-01-01,2.24661,0.472881,0.15596,1.61777
1994-02-01,2.27283,0.483816,0.098793,1.69022
1994-03-01,2.39726,0.493918,0.1888,1.71454
1994-04-01,2.25372,0.480081,0.153642,1.62
1994-05-01,2.1357,0.486482,0.25422,1.395
1994-06-01,2.26514,0.481416,0.338217,1.4455
1994-07-01,2.268,0.487375,0.353389,1.42723
1994-08-01,2.19152,0.502477,0.296915,1.39212
1994-09-01,2.19273,0.502257,0.365325,1.32515
1994-10-01,2.26567,0.502706,0.327882,1.43508
1994-11-01,2.1895,0.512468,0.258077,1.41895
1994-12-01,2.17804,0.513906,0.240885,1.42325
1995-01-01,2.3512,0.521683,0.332566,1.49695
1995-02-01,2.2969,0.508549,0.309876,1.47847
1995-03-01,2.19993,0.494823,0.269793,1.43531
1995-04-01,2.2842,0.512449,0.255105,1.51664
1995-05-01,2.23025,0.520599,0.133739,1.57591
1995-06-01,2.09232,0.539109,0.0155435,1.53767
1995-07-01,2.03928,0.553593,-0.000514532,1.4862
1995-08-01,2.16956,0.554457,0.0755583,1.53954
1995-09-01,2.14862,0.576075,0.0469943,1.52556
1995-10-01,2.15679,0.593924,0.0592953,1.50357
1995-11-01,2.03568,0.595892,0.00154712,1.43824
1995-12-01,2.14479,0.596536,0.0703088,1.47795
1996-01-01,2.00657,0.5838,0.039527,1.38324
1996-02-01,1.97268,0.571835,0.0850353,1.31581
1996-03-01,1.95913,0.57594,0.100747,1.28244
1996-04-01,1.86026,0.555408,0.011416,1.29344
1996-05-01,1.86435,0.542957,-0.0111447,1.33254
1996-06-01,1.85405,0.53363,-0.0342913,1.35471
1996-07-01,1.88437,0.536629,-0.0685875,1.41632
1996-08-01,1.72849,0.534969,-0.187279,1.3808
1996-09-01,1.90331,0.520606,-0.11554,1.49824
1996-10-01,1.89725,0.501632,-0.139185,1.53481
1996-11-01,1.96492,0.487522,-0.122688,1.60009
1996-12-01,1.8604,0.465158,-0.197771,1.59301
1997-01-01,1.854,0.469154,-0.20847,1.59331
1997-02-01,1.93023,0.478492,-0.207371,1.6591
1997-03-01,1.93718,0.46669,-0.24088,1.71137
1997-04-01,1.99866,0.48985,-0.178302,1.68711
1997-05-01,1.89565,0.484217,-0.140436,1.55187
1997-06-01,1.96808,0.487798,-0.15516,1.63545
1997-07-01,1.84668,0.490513,-0.197536,1.5537
1997-08-01,1.71754,0.49384,-0.249754,1.47346
1997-09-01,1.62051,0.503346,-0.306686,1.42385
1997-10-01,1.53352,0.499579,-0.298469,1.33241
1997-11-01,1.43157,0.51552,-0.339903,1.25595
1997-12-01,1.45213,0.521105,-0.317995,1.24902
1998-01-01,1.49837,0.531765,-0.342924,1.30953
1998-02-01,1.37747,0.526114,-0.389527,1.24089
1998-03-01,1.24405,0.543369,-0.485319,1.186
1998-04-01,1.23184,0.535046,-0.419232,1.11603
1998-05-01,1.25607,0.543116,-0.457906,1.17086
1998-06-01,0.979682,0.55678,-0.458062,0.880964
1998-07-01,1.19487,0.554588,-0.360002,1.00028
1998-08-01,1.43359,0.556162,-0.231161,1.10859
1998-09-01,1.20678,0.561917,-0.302359,0.947221
1998-10-01,1.25076,0.581935,-0.329155,0.997983
1998-11-01,1.23789,0.566166,-0.322607,0.994333
1998-12-01,1.35368,0.558533,-0.217275,1.01242
1999-01-01,1.3433,0.548651,-0.14248,0.937133
1999-02-01,1.22177,0.537003,-0.207574,0.892345
1999-03-01,1.14445,0.519073,-0.234927,0.860307
1999-04-01,1.21823,0.512341,-0.167851,0.873744
1999-05-01,1.21706,0.499329,-0.162155,0.879884
1999-06-01,1.39799,0.476688,-0.076178,0.997484
1999-07-01,1.29498,0.467353,-0.121044,0.948674
1999-08-01,1.14687,0.45722,-0.200284,0.889931
1999-09-01,1.43142,0.450546,-0.0737079,1.05458
1999-10-01,1.40669,0.425183,-0.0688653,1.05038
1999-11-01,1.48595,0.444645,-0.0876358,1.12894
1999-12-01,1.4396,0.440972,-0.19209,1.19071
2000-01-01,1.53867,0.495203,-0.269491,1.31296
2000-02-01,1.72237,0.511794,-0.209231,1.41981
2000-03-01,1.90087,0.518763,-0.0189245,1.40103
2000-04-01,1.70654,0.522716,-0.115375,1.2992
2000-05-01,1.71853,0.532446,-0.0945913,1.28067
2000-06-01,1.74211,0.559425,-0.155534,1.33822
2000-07-01,1.79197,0.565106,-0.148132,1.375
2000-08-01,1.87257,0.575374,-0.157154,1.45435
2000-09-01,1.85002,0.584392,-0.148009,1.41364
2000-10-01,1.81848,0.612795,-0.197302,1.40298
2000-11-01,1.90048,0.601629,-0.0748651,1.37371
2000-12-01,1.87109,0.626022,-0.0866803,1.33175
2001-01-01,2.00522,0.586781,-0.0292897,1.44773
2001-02-01,2.03588,0.595133,-0.00772724,1.44847
2001-03-01,1.93246,0.624555,-0.148315,1.45622
2001-04-01,2.02769,0.648071,-0.178333,1.55795
2001-05-01,1.94251,0.672465,-0.269826,1.53988
2001-06-01,2.0922,0.685284,-0.162774,1.56969
2001-07-01,2.12212,0.694839,-0.107881,1.53516
2001-08-01,2.04209,0.716855,-0.182623,1.50786
2001-09-01,1.21671,0.742961,-0.319534,0.79328
2001-10-01,1.78733,0.736746,-0.242923,1.2935
2001-11-01,1.81466,0.767263,-0.276802,1.3242
2001-12-01,1.73873,0.784988,-0.310807,1.26455
2002-01-01,1.41828,0.785947,-0.398417,1.03075
2002-02-01,1.4329,0.780871,-0.402792,1.05482
2002-03-01,1.44851,0.769714,-0.385966,1.06476
2002-04-01,1.56968,0.756336,-0.316146,1.12949
2002-05-01,1.65861,0.729854,-0.256702,1.18546
2002-06-01,1.59333,0.708676,-0.317518,1.20218
2002-07-01,1.53826,0.699587,-0.418876,1.25755
2002-08-01,1.68772,0.654792,-0.264903,1.29783
2002-09-01,2.43569,0.650532,-0.227291,2.01245
2002-10-01,1.80552,0.618167,-0.315641,1.50299
2002-11-01,1.6977,0.587604,-0.384629,1.49472
2002-12-01,1.76889,0.556701,-0.38196,1.59414
2003-01-01,1.78091,0.555743,-0.437177,1.66234
2003-02-01,1.72687,0.530147,-0.482807,1.67953
2003-03-01,1.7689,0.49794,-0.51012,1.78108
2003-04-01,1.59845,0.46016,-0.623691,1.76198
2003-05-01,1.63155,0.448109,-0.675943,1.85938
2003-06-01,1.52707,0.402605,-0.69878,1.82325
2003-07-01,1.57416,0.397051,-0.632475,1.80959
2003-08-01,1.48886,0.398652,-0.732301,1.82251
2003-09-01,1.46463,0.390185,-0.733513,1.80796
2003-10-01,1.5659,0.394517,-0.714978,1.88636
2003-11-01,1.60535,0.394269,-0.715441,1.92652
2003-12-01,1.6371,0.375814,-0.663938,1.92522
2004-01-01,1.82899,0.359706,-0.535332,2.00461
2004-02-01,1.85327,0.372909,-0.427024,1.90738
2004-03-01,1.86049,0.386337,-0.330103,1.80425
2004-04-01,2.01245,0.429781,-0.273689,1.85636
2004-05-01,2.00575,0.437496,-0.155876,1.72413
2004-06-01,2.11006,0.47858,-0.111427,1.74291
2004-07-01,1.97554,0.471316,-0.215504,1.71973
2004-08-01,1.8999,0.482876,-0.230879,1.64791
2004-09-01,1.94909,0.469245,-0.169535,1.64938
2004-10-01,1.98208,0.451935,-0.0295764,1.55973
2004-11-01,2.06254,0.435179,0.0403674,1.587
2004-12-01,2.06627,0.44983,0.0294481,1.58699
2005-01-01,2.17143,0.465819,0.0301822,1.67543
2005-02-01,2.17544,0.476309,-0.0240116,1.72314
2005-03-01,2.25561,0.468851,-0.0491675,1.83593
2005-04-01,2.10751,0.439344,-0.100567,1.76873
2005-05-01,2.17689,0.443918,-0.0329546,1.76593
2005-06-01,2.08637,0.42556,-0.0986153,1.75942
2005-07-01,2.11497,0.429205,-0.0793892,1.76515
2005-08-01,2.15887,0.419295,-0.0164567,1.75603
2005-09-01,2.19327,0.431894,-0.0271121,1.78848
2005-10-01,2.26522,0.439801,-0.0952955,1.92071
2005-11-01,2.30603,0.459227,-0.0902007,1.937
2005-12-01,2.28088,0.458599,-0.063576,1.88586
2006-01-01,2.14248,0.455773,-0.0817051,1.76841
2006-02-01,2.13771,0.462911,-0.119543,1.79434
2006-03-01,2.16793,0.487582,-0.0874916,1.76784
2006-04-01,2.36219,0.523049,-0.0292845,1.86842
2006-05-01,2.40857,0.563276,-0.089236,1.93453
2006-06-01,2.59579,0.616976,-0.0484002,2.02721
2006-07-01,2.54576,0.641071,-0.051878,1.95656
2006-08-01,2.67135,0.674397,0.0105439,1.98641
2006-09-01,2.60601,0.686727,-0.0151312,1.93441
2006-10-01,2.49692,0.718805,-0.0550751,1.83318
2006-11-01,2.28422,0.727292,-0.162171,1.7191
2006-12-01,2.3156,0.745204,-0.164807,1.73521
2007-01-01,2.50045,0.744436,-0.143941,1.89996
2007-02-01,2.55647,0.749259,-0.079616,1.88682
2007-03-01,2.37699,0.735136,-0.166177,1.80803
2007-04-01,2.21097,0.704518,-0.235283,1.74174
2007-05-01,2.07564,0.648068,-0.253136,1.68071
2007-06-01,1.98727,0.605476,-0.254767,1.63656
2007-07-01,2.04111,0.576736,-0.233152,1.69752
2007-08-01,1.98484,0.560733,-0.329553,1.75366
2007-09-01,2.10233,0.555609,-0.303671,1.85039
2007-10-01,2.18351,0.537915,-0.236951,1.88255
2007-11-01,2.33584,0.545597,-0.148086,1.93833
2007-12-01,2.40339,0.540984,-0.12487,1.98728
2008-01-01,2.19304,0.529644,-0.119311,1.78271
2008-02-01,2.07241,0.509097,-0.158084,1.72139
2008-03-01,2.16974,0.49891,-0.0999261,1.77076
2008-04-01,2.08372,0.507114,-0.0888967,1.66551
2008-05-01,2.14893,0.50369,-0.109167,1.75441
2008-06-01,2.2141,0.514964,-0.0784289,1.77756
2008-07-01,2.2445,0.513258,-0.0260621,1.7573
2008-08-01,2.21794,0.49911,0.0571338,1.66169
2008-09-01,2.04398,0.495934,0.0385762,1.50947
2008-10-01,1.6344,0.481227,-0.0251343,1.17831
2008-11-01,1.39027,0.4708,-0.0568922,0.976358
2008-12-01,1.13783,0.435601,-0.11651,0.818737
2009-01-01,0.905928,0.43661,-0.132626,0.601944
2009-02-01,0.887839,0.429781,-0.0098231,0.467881
2009-03-01,0.762459,0.434074,0.0802535,0.248131
2009-04-01,0.927918,0.419926,0.235995,0.271997
2009-05-01,0.822303,0.426399,0.266091,0.129813
2009-06-01,0.720146,0.382284,0.277543,0.0603192
2009-07-01,0.625583,0.3424,0.211609,0.0715745
2009-08-01,0.650944,0.316826,0.170377,0.163741
2009-09-01,0.72518,0.256065,0.260288,0.208827
2009-10-01,1.2399,0.215546,0.322547,0.701806
2009-11-01,1.37348,0.146205,0.333434,0.893837
2009-12-01,1.50952,0.1266,0.376842,1.00607
2010-01-01,1.6909,0.0767764,0.344943,1.26918
2010-02-01,1.69865,0.0487317,0.236844,1.41308
2010-03-01,1.77697,0.0015569,0.135388,1.64003
2010-04-01,1.60297,-0.0257527,-0.0692034,1.69793
2010-05-01,1.63686,-0.0445813,-0.101419,1.78286
2010-06-01,1.55557,-0.0363727,-0.149801,1.74174
2010-07-01,1.47059,-0.0252523,-0.164896,1.66074
2010-08-01,1.41762,-0.0362218,-0.126063,1.57991
2010-09-01,1.29683,-0.00552608,-0.206506,1.50886
2010-10-01,1.07878,0.0110147,-0.268773,1.33654
2010-11-01,1.12158,0.0559715,-0.242975,1.30858
2010-12-01,1.05675,0.0805801,-0.259437,1.23561
2011-01-01,1.12344,0.114846,-0.194157,1.20276
2011-02-01,1.2119,0.145196,-0.141706,1.20841
2011-03-01,1.21457,0.172983,-0.148907,1.19049
2011-04-01,1.3947,0.190876,-0.00888135,1.21271
2011-05-01,1.52356,0.203605,0.0828924,1.23706
2011-06-01,1.58633,0.219691,0.14776,1.21888
2011-07-01,1.73445,0.250753,0.216425,1.26727
2011-08-01,1.83963,0.29252,0.227708,1.3194
2011-09-01,1.85082,0.306175,0.201228,1.34342
2011-10-01,1.74472,0.33632,0.254288,1.15411
2011-11-01,1.82786,0.3412,0.283228,1.20343
2011-12-01,1.97496,0.355616,0.310877,1.30847
2012-01-01,2.06148,0.361719,0.302824,1.39694
2012-02-01,2.02585,0.36039,0.25597,1.40949
2012-03-01,2.04485,0.378614,0.296311,1.36992
2012-04-01,1.96534,0.402716,0.217133,1.34549
2012-05-01,1.82674,0.405949,0.154436,1.26636
2012-06-01,1.81926,0.39823,0.091511,1.32952
2012-07-01,1.77387,0.390144,0.0744155,1.30931
2012-08-01,1.63592,0.385675,-0.00142735,1.25167
2012-09-01,1.6916,0.39958,0.0351339,1.25689
2012-10-01,1.88945,0.401974,0.0324522,1.45502
2012-11-01,1.78307,0.401042,-0.0136065,1.39563
2012-12-01,1.68987,0.394751,-0.0582233,1.35334
2013-01-01,1.59159,0.392915,-0.0761157,1.27479
2013-02-01,1.56013,0.404399,-0.0978491,1.25358
2013-03-01,1.48074,0.400355,-0.180201,1.26059
2013-04-01,1.37706,0.395304,-0.189441,1.1712
2013-05-01,1.39292,0.407168,-0.208969,1.19472
2013-06-01,1.46365,0.423562,-0.178107,1.2182
2013-07-01,1.48796,0.418533,-0.18244,1.25187
2013-08-01,1.53325,0.431001,-0.156744,1.25899
2013-09-01,1.52923,0.423102,-0.179965,1.28609
2013-10-01,1.45482,0.419421,-0.212264,1.24766
2013-11-01,1.51426,0.432422,-0.214033,1.29587
2013-12-01,1.54736,0.454434,-0.216451,1.30938
2014-01-01,1.45246,0.464973,-0.256426,1.24391
2014-02-01,1.39012,0.463586,-0.258704,1.18524
2014-03-01,1.44742,0.475806,-0.235556,1.20717
2014-04-01,1.57127,0.48276,-0.207227,1.29573
2014-05-01,1.62366,0.484601,-0.186771,1.32583
2014-06-01,1.56354,0.485288,-0.170914,1.24917
2014-07-01,1.61032,0.502729,-0.160046,1.26764
2014-08-01,1.53975,0.490322,-0.191029,1.24046
2014-09-01,1.55485,0.499382,-0.159237,1.2147
2014-10-01,1.47091,0.50075,-0.145078,1.11524
2014-11-01,1.39258,0.504669,-0.208497,1.09641
2014-12-01,1.35635,0.487255,-0.207784,1.07687
2015-01-01,1.20971,0.496981,-0.256201,0.968932
2015-02-01,1.27748,0.511178,-0.192882,0.959186
2015-03-01,1.28084,0.511271,-0.148999,0.918567
2015-04-01,1.29437,0.516178,-0.127569,0.905764
2015-05-01,1.2472,0.517308,-0.126015,0.855907
2015-06-01,1.25415,0.538233,-0.182938,0.89886
2015-07-01,1.17895,0.544145,-0.222929,0.857734
2015-08-01,1.22125,0.548753,-0.206451,0.878953
2015-09-01,1.23212,0.559292,-0.19446,0.867293
2015-10-01,1.17799,0.56116,-0.241515,0.858344
2015-11-01,1.1967,0.552808,-0.190474,0.834368
2015-12-01,1.1917,0.561067,-0.174731,0.805365
2016-01-01,1.40624,0.564521,-0.134729,0.976448
2016-02-01,1.46589,0.557253,-0.136634,1.04527
2016-03-01,1.45745,0.554366,-0.177927,1.08101
2016-04-01,1.51995,0.557299,-0.149999,1.11265
2016-05-01,1.56873,0.575522,-0.191284,1.18449
2016-06-01,1.5524,0.57021,-0.20964,1.19183
2016-07-01,1.59933,0.569539,-0.20918,1.23897
2016-08-01,1.69696,0.576319,-0.145258,1.2659
2016-09-01,1.68525,0.58746,-0.143748,1.24154
2016-10-01,1.78241,0.60269,-0.124946,1.30466
2016-11-01,1.71886,0.623381,-0.211258,1.30674
2016-12-01,1.77009,0.63087,-0.221182,1.36041
2017-01-01,1.86333,0.623177,-0.130581,1.37074
2017-02-01,1.86728,0.624814,-0.142154,1.38461
2017-03-01,1.67865,0.621284,-0.14433,1.2017
2017-04-01,1.63682,0.608119,-0.226913,1.25562
2017-05-01,1.54552,0.592475,-0.234588,1.18763
2017-06-01,1.57644,0.588908,-0.192793,1.18033
2017-07-01,1.50311,0.584156,-0.161445,1.0804
2017-08-01,1.43359,0.597267,-0.229769,1.0661
2017-09-01,1.42259,0.580265,-0.312155,1.15448
2017-10-01,1.54101,0.57963,-0.243497,1.20488
2017-11-01,1.54538,0.567087,-0.216461,1.19475
2017-12-01,1.57688,0.574533,-0.207932,1.21028
2018-01-01,1.63204,0.579737,-0.187173,1.23947
2018-02-01,1.64422,0.563769,-0.203454,1.2839
2018-03-01,1.90918,0.578251,-0.163413,1.49435
2018-04-01,1.88422,0.59641,-0.0919439,1.37975
2018-05-01,1.9809,0.59691,-0.0335237,1.41752
2018-06-01,1.93622,0.587857,-0.0872494,1.43561
2018-07-01,1.9958,0.593962,-0.110521,1.51236
2018-08-01,1.89576,0.586963,-0.163443,1.47224
2018-09-01,1.9603,0.579566,-0.119197,1.49993
2018-10-01,1.87091,0.573999,-0.134039,1.43095
2018-11-01,2.01025,0.582141,-0.0551631,1.48327
2018-12-01,2.03808,0.568002,-0.061794,1.53187
2019-01-01,1.84443,0.563686,-0.0583917,1.33913
2019-02-01,1.74411,0.58467,-0.105131,1.26457
2019-03-01,1.61607,0.587748,-0.151161,1.17948
2019-04-01,1.63678,0.594452,-0.214049,1.25638
2019-05-01,1.56318,0.593423,-0.219277,1.18903
2019-06-01,1.65698,0.608414,-0.121675,1.17024
2019-07-01,1.63912,0.601141,-0.140418,1.1784
2019-08-01,1.7458,0.592463,-0.0395056,1.19285
2019-09-01,1.63201,0.606854,-0.0644881,1.08965
2019-10-01,1.62359,0.591668,-0.0815598,1.11348
2019-11-01,1.49772,0.57985,-0.11961,1.03748
2019-12-01,1.54475,0.581924,-0.11098,1.07381
2020-01-01,1.59133,0.593373,-0.190117,1.18807
2020-02-01,1.6977,0.58492,-0.109566,1.22234
2020-03-01,1.5273,0.630723,-0.156696,1.05327
2020-04-01,0.995497,0.680987,-0.302085,0.616596
2020-05-01,0.997378,0.621834,-0.406657,0.782202
2020-06-01,0.970452,0.545455,-0.450907,0.875905
2020-07-01,1.21434,0.529783,-0.258454,0.943008
2020-08-01,1.3931,0.505597,-0.110176,0.997683
2020-09-01,1.47969,0.459496,-0.109867,1.13006
2020-10-01,1.42173,0.461041,-0.122529,1.08322
2020-11-01,1.45352,0.42286,-0.04209,1.07275
2020-12-01,1.50879,0.400206,0.0259491,1.08263
2021-01-01,1.69749,0.359829,0.101938,1.23573
2021-02-01,1.70947,0.364818,0.0193206,1.32533
2021-03-01,2.19914,0.343171,0.16069,1.69528
2021-04-01,3.1306,0.346146,0.68383,2.10063
2021-05-01,3.54112,0.356125,1.00295,2.18204
2021-06-01,3.86171,0.390255,1.17316,2.2983
2021-07-01,3.92712,0.402893,1.06341,2.46082
2021-08-01,3.95846,0.427404,1.03709,2.49396
2021-09-01,4.01385,0.484058,1.09446,2.43533
2021-10-01,4.43667,0.52399,1.38919,2.52349
2021-11-01,4.89087,0.591172,1.49029,2.8094
2021-12-01,5.21455,0.638191,1.64495,2.93141
2022-01-01,5.35844,0.696131,1.85161,2.81069
2022-02-01,5.60276,0.742194,2.0302,2.83037
2022-03-01,5.59322,0.783085,1.97843,2.83171
2022-04-01,5.34502,0.832091,1.68659,2.82635
2022-05-01,5.18414,0.893733,1.49804,2.79236
2022-06-01,5.31569,0.969839,1.49197,2.85388
2022-07-01,5.10737,1.0419,1.42804,2.63743
2022-08-01,5.36245,1.1181,1.45403,2.79033
2022-09-01,5.60648,1.19036,1.48112,2.935
2022-10-01,5.45976,1.23297,1.21152,3.01527
2022-11-01,5.20809,1.29196,0.99583,2.9203
2022-12-01,4.96688,1.36945,0.799503,2.79793
2023-01-01,4.93767,1.38751,0.689823,2.86033
2023-02-01,4.8556,1.43869,0.58574,2.83117
2023-03-01,4.78329,1.45044,0.637498,2.69535
2023-04-01,4.78964,1.45981,0.638331,2.6915
2023-05-01,4.73163,1.44906,0.635191,2.64738
2023-06-01,4.38379,1.40407,0.429549,2.55017
2023-07-01,4.29912,1.3704,0.299781,2.62894
2023-08-01,3.8282,1.3168,0.141934,2.36947
2023-09-01,3.68777,1.26992,0.0584592,2.3594
2023-10-01,3.47406,1.23108,0.0957957,2.14719
2023-11-01,3.29074,1.19732,0.0561205,2.03731
2023-12-01,3.11239,1.13177,-0.00946202,1.99008
2024-01-01,3.15901,1.10583,-0.128663,2.18185
2024-02-01,3.05947,1.05479,-0.0974382,2.10212
2024-03-01,3.12217,1.04322,-0.122716,2.20167
2024-04-01,3.00672,1.01424,-0.126705,2.11918
2024-05-01,2.77118,0.995622,-0.251193,2.02675
2024-06-01,2.75316,0.958256,-0.195373,1.99028
2024-07-01,2.80622,0.939435,-0.101915,1.9687
2024-08-01,2.87328,0.945547,-0.115316,2.04305
2024-09-01,2.83863,0.910624,-0.0821683,2.01017
2024-10-01,2.9865,0.90099,-0.106145,2.19166
2024-11-01,2.98071,0.852238,-0.0456532,2.17413
2024-12-01,2.98859,0.828733,-0.0504465,2.2103
2025-01-01,2.78014,0.806976,0.0565167,1.91665
2025-02-01,2.96864,0.776684,0.0806665,2.11129
2025-03-01,2.67029,0.761862,-0.00911789,1.91755
2025-04-01,2.6148,0.752459,0.0480708,1.81427
2025-05-01,2.78388,0.725712,0.158583,1.89959
2025-06-01,2.80737,0.722521,0.243205,1.84165
2025-07-01,2.86305,0.698743,0.258127,1.90618
2025-08-01,2.91242,0.683436,0.261737,1.96724
2025-09-01,2.82507,0.650091,0.293329,1.88165
2025-10-01,2.75454,0.6045,0.277462,1.87258
2025-11-01,2.82909,0.58463,0.302616,1.94185
2025-12-01,2.97111,0.58346,0.475141,1.91251
2026-01-01,3.0862,0.565766,0.446137,2.07429
2026-02-01,3.03248,0.548684,0.557753,1.92604
2026-03-01,3.23629,0.524678,0.679637,2.03197
2026-04-01,3.28919,0.558814,0.681817,2.04856
