date,Ten-year,Thirty-year,Fed Funds,Three-month,Five-year,Two-year,One-month,One-year,Twenty-year
1989-01-01,9.0915,8.927,9.151,8.5585,9.1485,9.1755,,9.0475,9.0125
1989-02-01,9.16895,9.01,9.37158,8.83684,9.27053,9.37158,,9.25316,9.09211
1989-03-01,9.35773,9.16545,9.86409,9.14227,9.51409,9.67955,,9.57045,9.26409
1989-04-01,9.1755,9.025,9.839,8.9625,9.295,9.4515,,9.363,9.1025
1989-05-01,8.85909,8.83227,9.83409,8.73591,8.90955,9.01773,,8.97727,8.84864
1989-06-01,8.27727,8.26636,9.52636,8.43455,8.29227,8.40636,,8.44091,8.27455
1989-07-01,8.0185,8.079,9.2185,8.147,7.8265,7.8195,,7.8945,8.0515
1989-08-01,8.11261,8.12217,9.00348,8.17,8.08957,8.14478,,8.18391,8.11913
1989-09-01,8.1905,8.1545,9.031,8.0145,8.1745,8.2845,,8.221,8.1755
1989-10-01,8.00762,7.99905,8.83524,7.89952,7.96619,7.97905,,7.99095,8.00476
1989-11-01,7.87429,7.90238,8.58476,7.94381,7.81095,7.79571,,7.76952,7.89095
1989-12-01,7.836,7.8965,8.523,7.8795,7.7465,7.777,,7.723,7.868
1990-01-01,8.20667,8.25857,8.25667,7.8981,8.11952,8.08524,,7.92095,8.23524
1990-02-01,8.47316,8.50368,8.24684,8.00211,8.42474,8.37053,,8.11105,8.49105
1990-03-01,8.58864,8.56318,8.28273,8.17,8.60045,8.62682,,8.35,8.57773
1990-04-01,8.7855,8.756,8.2725,8.0405,8.768,8.724,,8.4045,8.773
1990-05-01,8.75818,8.73136,8.15091,8.00682,8.73591,8.64227,,8.31636,8.74682
1990-06-01,8.48,8.45762,8.29524,7.98667,8.43048,8.35095,,8.09619,8.4719
1990-07-01,8.47143,8.4981,8.14714,7.87476,8.33095,8.15714,,7.94095,8.48619
1990-08-01,8.75261,8.86348,8.15043,7.69435,8.43652,8.0613,,7.77913,8.81043
1990-09-01,8.89316,9.02895,8.26579,7.59789,8.51368,8.07947,,7.76316,8.96263
1990-10-01,8.71955,8.85773,8.13636,7.4,8.32773,7.87773,,7.55136,8.79136
1990-11-01,8.392,8.5405,7.828,7.2905,8.0225,7.5995,,7.3135,8.4685
1990-12-01,8.075,8.237,7.3375,6.9495,7.7265,7.314,,7.0505,8.158
1991-01-01,8.0919,8.26952,7.10905,6.41048,7.7,7.12524,,6.64429,8.18381
1991-02-01,7.85474,8.03421,6.28053,6.11632,7.47263,6.86684,,6.26684,7.94737
1991-03-01,8.11,8.288,6.193,6.0935,7.772,7.103,,6.396,8.2015
1991-04-01,8.03909,8.20955,5.96591,5.82545,7.70091,6.94818,,6.23591,8.12636
1991-05-01,8.06773,8.26727,5.81091,5.63364,7.70136,6.78364,,6.13045,8.16955
1991-06-01,8.284,8.472,5.8665,5.751,7.937,6.956,,6.3585,8.3805
1991-07-01,8.27273,8.45227,5.84273,5.75091,7.91136,6.91773,,6.30545,8.365
1991-08-01,7.9,8.14364,5.69,5.49773,7.425,6.43318,,5.77818,8.02409
1991-09-01,7.65,7.948,5.4885,5.3735,7.136,6.1815,,5.5725,7.8015
1991-10-01,7.52727,7.93045,5.23955,5.14409,6.87136,5.91227,,5.33364,7.73091
1991-11-01,7.41737,7.92158,4.81316,4.68947,6.61789,5.55895,,4.88947,7.67316
1991-12-01,7.08857,7.7019,4.47762,4.18429,6.18619,5.02571,,4.3781,7.39762
1992-01-01,7.03238,7.5819,4.11095,3.90619,6.24286,4.9581,,4.15095,7.30905
1992-02-01,7.33789,7.85474,4.06105,3.95,6.57789,5.21211,,4.28737,7.59842
1992-03-01,7.54227,7.96955,4.01136,4.13864,6.94545,5.685,,4.63455,7.75818
1992-04-01,7.48048,7.96238,3.84381,3.83905,6.78429,5.34429,,4.29905,7.72429
1992-05-01,7.392,7.891,3.843,3.719,6.6925,5.2255,,4.1895,7.645
1992-06-01,7.26182,7.84182,3.80455,3.745,6.48273,5.04818,,4.16591,7.55455
1992-07-01,6.84455,7.59818,3.34273,3.27955,5.83682,4.35545,,3.59591,7.22273
1992-08-01,6.58571,7.39048,3.32667,3.19905,5.59619,4.19286,,3.4719,6.99095
1992-09-01,6.41524,7.34095,3.29,2.96857,5.38,3.89429,,3.18429,6.88095
1992-10-01,6.58905,7.5319,3.14476,2.93286,5.60048,4.08286,,3.30238,7.06286
1992-11-01,6.87316,7.60684,3.08316,3.20579,6.03789,4.57947,,3.68211,7.24211
1992-12-01,6.77,7.43636,2.96636,3.29136,6.07591,4.67364,,3.71136,7.10545
1993-01-01,6.6,7.34158,3.11947,3.07105,5.83368,4.39,,3.49632,6.97316
1993-02-01,6.25895,7.08947,3.05737,2.99263,5.42895,4.09842,,3.38579,6.67684
1993-03-01,5.97522,6.82174,3.1113,3.01435,5.19478,3.94957,,3.33304,6.40087
1993-04-01,5.96952,6.85429,2.98238,2.93048,5.13286,3.83762,,3.24429,6.41476
1993-05-01,6.0355,6.919,3.017,3.025,5.198,3.977,,3.3635,6.4795
1993-06-01,5.96273,6.80727,3.07182,3.14455,5.21682,4.16364,,3.53636,6.38682
1993-07-01,5.80524,6.62571,3.0919,3.11095,5.09095,4.0719,,3.47476,6.21762
1993-08-01,5.67773,6.32318,3.05136,3.09045,5.025,4.00136,,3.44364,6.00409
1993-09-01,5.36,5.99714,3.13952,3.00857,4.73476,3.84714,,3.35619,5.68095
1993-10-01,5.334,5.939,2.994,3.092,4.707,3.8745,,3.392,6.0675
1993-11-01,5.724,6.21,3.029,3.1795,5.063,4.1555,,3.579,6.382
1993-12-01,5.77409,6.25182,2.95909,3.12773,5.14682,4.21227,,3.60727,6.39727
1994-01-01,5.7505,6.291,3.116,3.0445,5.087,4.14,,3.5425,6.385
1994-02-01,5.97316,6.49053,3.26895,3.33053,5.39526,4.47421,,3.86579,6.57263
1994-03-01,6.48261,6.90652,3.35087,3.59087,5.9413,4.99522,,4.31913,6.99696
1994-04-01,6.97211,7.26895,3.56368,3.78053,6.52421,5.54947,,4.81579,7.39632
1994-05-01,7.18333,7.41238,4.0181,4.26762,6.78,5.9681,,5.31429,7.54476
1994-06-01,7.10136,7.395,4.27318,4.24909,6.69545,5.93136,,5.26727,7.51273
1994-07-01,7.298,7.579,4.315,4.4565,6.9095,6.13,,5.4765,7.6745
1994-08-01,7.23609,7.48609,4.4787,4.61174,6.87783,6.17739,,5.56217,7.61739
1994-09-01,7.45714,7.71238,4.7481,4.75143,7.08333,6.39238,,5.76286,7.8681
1994-10-01,7.744,7.935,4.7335,5.102,7.403,6.7285,,6.1145,8.0795
1994-11-01,7.955,8.0815,5.2815,5.449,7.7175,7.1485,,6.54,8.201
1994-12-01,7.81381,7.87143,5.50952,5.76476,7.77619,7.58952,,7.13619,7.98762
1995-01-01,7.7795,7.8465,5.597,5.9015,7.756,7.507,,7.0505,7.9675
1995-02-01,7.46947,7.61158,5.91263,5.93947,7.36579,7.11158,,6.69684,7.72526
1995-03-01,7.20478,7.44783,5.98478,5.91043,7.04739,6.77565,,6.43174,7.56565
1995-04-01,7.06263,7.36053,6.03632,5.83789,6.86,6.56789,,6.26579,7.45158
1995-05-01,6.63273,6.95,6.025,5.84773,6.41455,6.17091,,5.99773,7.00682
1995-06-01,6.16818,6.57318,6.00182,5.63909,5.92864,5.71591,,5.64227,6.59455
1995-07-01,6.278,6.721,5.869,5.593,6.0085,5.78,,5.594,6.7365
1995-08-01,6.48826,6.86043,5.74913,5.56565,6.24391,5.98087,,5.75261,6.92174
1995-09-01,6.1975,6.549,5.826,5.434,6.0015,5.806,,5.62,6.6475
1995-10-01,6.04476,6.37476,5.7681,5.44429,5.86286,5.69714,,5.59048,6.44571
1995-11-01,5.93048,6.26286,5.7981,5.5181,5.69429,5.47857,,5.43286,6.33333
1995-12-01,5.7115,6.0625,5.687,5.294,5.5135,5.3245,,5.307,6.1235
1996-01-01,5.65238,6.0519,5.64476,5.15048,5.36238,5.11238,,5.08762,6.10571
1996-02-01,5.8055,6.242,5.252,4.9645,5.3795,5.0255,,4.942,6.3
1996-03-01,6.26857,6.60429,5.29143,5.09762,5.96619,5.66095,,5.34238,6.74238
1996-04-01,6.51136,6.79409,5.26682,5.08773,6.30091,5.95727,,5.53773,6.97682
1996-05-01,6.73682,6.92773,5.26773,5.15364,6.48318,6.095,,5.63682,7.10727
1996-06-01,6.912,7.059,5.309,5.2315,6.6895,6.297,,5.81,7.219
1996-07-01,6.86545,7.03318,5.45591,5.29818,6.63591,6.27,,5.85091,7.14455
1996-08-01,6.63545,6.84182,5.22773,5.18909,6.38909,6.02909,,5.66682,6.96864
1996-09-01,6.832,7.026,5.3275,5.2375,6.597,6.234,,5.833,7.1665
1996-10-01,6.53364,6.80864,5.27455,5.12318,6.27045,5.91273,,5.55,6.89864
1996-11-01,6.20368,6.48158,5.31789,5.16947,5.97316,5.70158,,5.42316,6.57684
1996-12-01,6.30238,6.55238,5.3681,5.04048,6.0681,5.7819,,5.4719,6.64714
1997-01-01,6.57905,6.82667,5.25095,5.16571,6.33333,6.0081,,5.61238,6.9081
1997-02-01,6.41947,6.68789,5.19421,5.14211,6.19895,5.89842,,5.52526,6.77421
1997-03-01,6.6945,6.9325,5.4065,5.2845,6.537,6.222,,5.7955,7.046
1997-04-01,6.88545,7.09273,5.54636,5.30455,6.75909,6.44818,,5.98818,7.20409
1997-05-01,6.71095,6.93571,5.53476,5.19667,6.56762,6.27667,,5.86952,7.02
1997-06-01,6.49381,6.77238,5.58619,5.07095,6.37524,6.09476,,5.6919,6.84095
1997-07-01,6.22045,6.51,5.56182,5.19455,6.12091,5.89091,,5.54182,6.56455
1997-08-01,6.29857,6.57857,5.55381,5.27952,6.16,5.93905,,5.56476,6.65429
1997-09-01,6.20857,6.49524,5.58762,5.08476,6.10619,5.8819,,5.52381,6.5581
1997-10-01,6.02955,6.32636,5.525,5.11273,5.92818,5.77182,,5.45636,6.38136
1997-11-01,5.875,6.10944,5.54778,5.28111,5.80389,5.71278,,5.45722,6.19889
1997-12-01,5.80864,5.99,5.56318,5.30455,5.77318,5.715,,5.525,6.07227
1998-01-01,5.5445,5.811,5.512,5.179,5.416,5.357,,5.2445,5.8765
1998-02-01,5.57474,5.89105,5.52842,5.23,5.49263,5.41789,,5.30842,5.95737
1998-03-01,5.64727,5.94818,5.51955,5.16182,5.61182,5.56136,,5.38955,6.01455
1998-04-01,5.63762,5.92381,5.45762,5.08286,5.6119,5.56429,,5.37905,5.99667
1998-05-01,5.6525,5.9265,5.4725,5.14,5.628,5.5935,,5.44,6.0075
1998-06-01,5.49636,5.70364,5.60364,5.12409,5.52409,5.52,,5.40864,5.80182
1998-07-01,5.46136,5.67682,5.57364,5.09455,5.46136,5.45818,,5.35818,5.78227
1998-08-01,5.3419,5.54048,5.55952,5.04095,5.27476,5.26857,,5.20524,5.66
1998-09-01,4.80667,5.20476,5.54381,4.73905,4.62381,4.66619,,4.71095,5.37619
1998-10-01,4.53,5.01048,5.08714,4.07048,4.18429,4.0919,,4.12143,5.3019
1998-11-01,4.82737,5.24842,4.83632,4.53105,4.53737,4.54,,4.52526,5.47737
1998-12-01,4.645,5.05909,4.72182,4.49682,4.45,4.50636,,4.51864,5.35682
1999-01-01,4.72211,5.15789,4.68737,4.44632,4.60053,4.61526,,4.51421,5.44842
1999-02-01,4.99895,5.36526,4.77526,4.55526,4.91474,4.87632,,4.70263,5.65789
1999-03-01,5.23261,5.58043,4.82391,4.56652,5.14043,5.05304,,4.7813,5.86783
1999-04-01,5.18455,5.54773,4.76136,4.40909,5.07955,4.97682,,4.69,5.82091
1999-05-01,5.5395,5.8055,4.741,4.631,5.437,5.2545,,4.849,6.084
1999-06-01,5.89955,6.04182,4.76727,4.71545,5.80909,5.61864,,5.09682,6.36136
1999-07-01,5.7919,5.98333,5.02333,4.68571,5.67857,5.55476,,5.0319,6.27524
1999-08-01,5.93909,6.06864,5.08682,4.87364,5.84136,5.67818,,5.19773,6.43455
1999-09-01,5.91524,6.07143,5.25905,4.82238,5.8019,5.6619,,5.25143,6.49619
1999-10-01,6.112,6.2635,5.203,5.0185,6.0335,5.8625,,5.429,6.663
1999-11-01,6.034,6.145,5.4195,5.2275,5.969,5.862,,5.5535,6.484
1999-12-01,6.27545,6.35136,5.30955,5.35682,6.18636,6.10455,,5.84227,6.69455
2000-01-01,6.661,6.6255,5.557,5.499,6.5795,6.44,,6.1215,6.8625
2000-02-01,6.5195,6.232,5.7465,5.727,6.678,6.6105,,6.218,6.539
2000-03-01,6.25652,6.05348,5.8713,5.86391,6.50391,6.52826,,6.22217,6.38043
2000-04-01,5.99053,5.84632,6.01316,5.82158,6.26263,6.40368,,6.15053,6.18474
2000-05-01,6.44045,6.14864,6.27227,5.99455,6.68773,6.80955,,6.32636,6.54818
2000-06-01,6.09727,5.92636,6.54955,5.86182,6.30091,6.48182,,6.17273,6.28273
2000-07-01,6.054,5.851,6.5185,6.1425,6.179,6.339,,6.0825,6.197
2000-08-01,5.82609,5.71609,6.50261,6.27739,6.06087,6.2287,,6.18304,6.02
2000-09-01,5.799,5.8265,6.5145,6.175,5.9345,6.0815,,6.1255,6.094
2000-10-01,5.73857,5.80333,6.5219,6.29476,5.78286,5.91238,,6.01238,6.03857
2000-11-01,5.71714,5.77571,6.52333,6.35619,5.69762,5.87524,,6.0919,5.97524
2000-12-01,5.2405,5.4905,6.4515,5.937,5.168,5.352,,5.6025,5.641
2001-01-01,5.16095,5.54095,6.02286,5.28524,4.85857,4.76,,4.81476,5.64905
2001-02-01,5.09895,5.45474,5.50842,5.00526,4.88632,4.65684,,4.68421,5.61789
2001-03-01,4.88545,5.33955,5.30864,4.53545,4.64273,4.34227,,4.29864,5.49364
2001-04-01,5.141,5.646,4.804,3.966,4.7635,4.234,,3.9765,5.779
2001-05-01,5.39136,5.78,4.23182,3.70318,4.92773,4.26,,3.78136,5.92318
2001-06-01,5.28429,5.66952,3.95143,3.56524,4.80714,4.08,,3.57619,5.82333
2001-07-01,5.23619,5.61333,3.78095,3.59333,4.7619,4.03857,3.67,3.61714,5.75286
2001-08-01,4.9713,5.48348,3.65696,3.43783,4.57391,3.75739,3.53348,3.47043,5.57696
2001-09-01,4.73176,5.48294,2.89235,2.69235,4.11529,3.11882,2.67588,2.82471,5.52647
2001-10-01,4.56682,5.31545,2.50182,2.19773,3.91,2.72591,2.26727,2.33045,5.33955
2001-11-01,4.6515,5.118,2.108,1.9065,3.9725,2.7825,1.9905,2.182,5.333
2001-12-01,5.0875,5.48,1.8155,1.72,4.3895,3.107,1.7165,2.2155,5.7605
2002-01-01,5.03571,5.44524,1.75095,1.68476,4.34,3.0281,1.67524,2.15857,5.69238
2002-02-01,4.91158,5.45158,1.74632,1.75684,4.29842,3.01526,1.73842,2.23263,5.60895
2002-03-01,5.284,5.8085,1.7255,1.825,4.738,3.5575,1.785,2.567,5.9285
2002-04-01,5.21091,5.79182,1.75864,1.745,4.64682,3.42273,1.72364,2.47591,5.84636
2002-05-01,5.16455,5.75727,1.75909,1.76045,4.49455,3.26409,1.74,2.35409,5.81
2002-06-01,4.9265,5.677,1.7515,1.732,4.186,2.993,1.715,2.1965,5.654
2002-07-01,4.65318,5.585,1.73682,1.71364,3.80727,2.55682,1.71864,1.96091,5.50682
2002-08-01,4.25727,5.27591,1.75409,1.64727,3.29455,2.13364,1.67955,1.75727,5.19364
2002-09-01,3.87,4.963,1.754,1.659,2.938,2.0045,1.6745,1.715,4.866
2002-10-01,3.94091,5.18182,1.75955,1.61,2.945,1.91182,1.61955,1.65,5.00045
2002-11-01,4.04842,5.18211,1.33474,1.25474,3.05474,1.92316,1.26368,1.49158,5.03947
2002-12-01,4.03238,5.13333,1.24619,1.21095,3.03333,1.83619,1.19762,1.45,5.01
2003-01-01,4.04857,5.13762,1.25571,1.18905,3.05238,1.74333,1.17048,1.36429,5.0219
2003-02-01,3.90263,5.02474,1.26,1.18526,2.89789,1.62789,1.19526,1.29632,4.87
2003-03-01,3.80714,5.02714,1.25048,1.15095,2.78381,1.57381,1.17619,1.24,4.81619
2003-04-01,3.95857,5.12714,1.26381,1.15238,2.92857,1.62238,1.1581,1.26714,4.9119
2003-05-01,3.56905,4.76286,1.26857,1.0881,2.51571,1.41524,1.08,1.18143,4.52143
2003-06-01,3.33429,4.61857,1.22952,0.93619,2.26571,1.22714,0.973333,1.00952,4.34048
2003-07-01,3.97545,5.12773,1.02136,0.920455,2.87227,1.47409,0.895909,1.11636,4.92182
2003-08-01,4.44524,5.44571,1.00952,0.969048,3.37,1.86429,0.947619,1.30857,5.39238
2003-09-01,4.27429,5.27571,1.01381,0.955238,3.18476,1.70619,0.91381,1.23762,5.2081
2003-10-01,4.29045,5.3,1.01591,0.941818,3.18591,1.74773,0.909545,1.25409,5.20909
2003-11-01,4.3,5.24667,0.995556,0.952222,3.28722,1.92667,0.943889,1.33667,5.17056
2003-12-01,4.26773,5.21318,0.986364,0.914545,3.26864,1.90727,0.890455,1.30591,5.11045
2004-01-01,4.1505,5.131,1,0.9005,3.1215,1.761,0.847,1.2395,5.0065
2004-02-01,4.08421,5.07684,1.00579,0.944737,3.06789,1.74,0.919474,1.24368,4.93684
2004-03-01,3.82652,4.89957,1.00391,0.953478,2.78696,1.57783,0.956087,1.18739,4.71739
2004-04-01,4.34762,5.27762,1.00619,0.958095,3.38952,2.07095,0.905238,1.43381,5.15762
2004-05-01,4.7155,5.5105,1.001,1.0395,3.8505,2.5335,0.906,1.7775,5.464
2004-06-01,4.73381,5.47571,1.03286,1.2881,3.92905,2.76333,1.05,2.11524,5.45048
2004-07-01,4.4981,5.30619,1.27,1.35762,3.68857,2.63857,1.19048,2.09524,5.24238
2004-08-01,4.28136,5.14591,1.42636,1.50318,3.47455,2.50818,1.37136,2.01591,5.06773
2004-09-01,4.12571,4.98381,1.62238,1.68143,3.35524,2.52524,1.5481,2.11667,4.89476
2004-10-01,4.097,4.944,1.757,1.7945,3.3475,2.5845,1.63,2.228,4.8495
2004-11-01,4.194,4.9475,1.923,2.1075,3.525,2.852,1.922,2.5,4.8945
2004-12-01,4.23091,4.91136,2.15591,2.22273,3.59818,3.01182,1.96136,2.67045,4.88
2005-01-01,4.2215,4.765,2.2945,2.371,3.707,3.2225,2.0485,2.8605,4.7675
2005-02-01,4.16526,4.55895,2.49579,2.57947,3.76632,3.38474,2.35947,3.02947,4.61421
2005-03-01,4.49773,4.77455,2.62182,2.79591,4.16545,3.72682,2.64636,3.30227,4.89045
2005-04-01,4.34095,4.65,2.77619,2.83667,3.99857,3.65381,2.64,3.31667,4.74905
2005-05-01,4.14429,4.49,3.00381,2.9019,3.85286,3.64381,2.65143,3.33095,4.55524
2005-06-01,3.99818,4.27955,3.04318,3.03636,3.77227,3.64045,2.83182,3.36318,4.35136
2005-07-01,4.1775,4.378,3.243,3.2875,3.979,3.871,3.098,3.641,4.4775
2005-08-01,4.26261,4.44174,3.48913,3.51826,4.12217,4.04435,3.34478,3.87217,4.52826
2005-09-01,4.19905,4.4519,3.6419,3.49429,4.00619,3.94619,3.22571,3.84524,4.51381
2005-10-01,4.4635,4.6405,3.7625,3.7925,4.3285,4.271,3.513,4.1755,4.739
2005-11-01,4.535,4.704,3.998,3.9745,4.4525,4.4165,3.9085,4.334,4.8305
2005-12-01,4.46714,4.62,4.15857,3.97095,4.39238,4.40429,3.68571,4.35286,4.73476
2006-01-01,4.416,4.5715,4.3,4.336,4.3455,4.3955,4.1155,4.445,4.6515
2006-02-01,4.56895,4.57421,4.49053,4.53947,4.57211,4.66842,4.38368,4.68474,4.73421
2006-03-01,4.72391,4.73435,4.59348,4.62783,4.71609,4.73391,4.54957,4.77348,4.91348
2006-04-01,4.99053,5.06263,4.76789,4.72158,4.90211,4.88895,4.60526,4.89737,5.22421
2006-05-01,5.11,5.20136,4.93182,4.83636,4.99773,4.96818,4.69955,4.995,5.34636
2006-06-01,5.10636,5.15409,4.99773,4.91773,5.06727,5.12182,4.71045,5.155,5.29227
2006-07-01,5.0875,5.1345,5.25,5.0765,5.04,5.1185,4.9005,5.2175,5.251
2006-08-01,4.87652,4.99609,5.24609,5.09043,4.82217,4.90348,5.1613,5.08261,5.0787
2006-09-01,4.719,4.852,5.2525,4.93,4.6675,4.769,4.7675,4.9745,4.9275
2006-10-01,4.72905,4.85476,5.24857,5.04619,4.68667,4.79571,4.9719,5.01,4.93571
2006-11-01,4.59524,4.68571,5.25095,5.07333,4.58238,4.74048,5.2119,5.01095,4.78429
2006-12-01,4.5645,4.6825,5.237,4.973,4.533,4.6735,4.8695,4.9415,4.776
2007-01-01,4.75952,4.8519,5.25857,5.10524,4.75286,4.87619,4.9381,5.05714,4.94571
2007-02-01,4.72263,4.82158,5.26684,5.16316,4.71053,4.84895,5.18105,5.05368,4.92579
2007-03-01,4.56455,4.72182,5.26091,5.08,4.48091,4.57364,5.20636,4.92045,4.80818
2007-04-01,4.69381,4.86619,5.24333,5.00667,4.59333,4.66619,4.98857,4.93238,4.94571
2007-05-01,4.74636,4.90136,5.24955,4.86773,4.66727,4.76636,4.81773,4.90909,4.97773
2007-06-01,5.10286,5.20333,5.25381,4.7419,5.02619,4.98048,4.5219,4.96238,5.2881
2007-07-01,5.00429,5.1081,5.26286,4.96095,4.88476,4.81905,4.81619,4.96429,5.18571
2007-08-01,4.67478,4.93217,5.03522,4.31696,4.43217,4.31304,4.19696,4.47217,5
2007-09-01,4.52158,4.79316,4.96632,3.99421,4.19895,4.01158,3.78421,4.13684,4.83632
2007-10-01,4.52773,4.77364,4.74864,4.00273,4.19818,3.96773,3.81091,4.09682,4.83227
2007-11-01,4.1485,4.52,4.4965,3.3545,3.667,3.3365,3.6825,3.499,4.5565
2007-12-01,4.0975,4.527,4.219,3.0665,3.4875,3.117,2.858,3.263,4.571
2008-01-01,3.74429,4.33048,3.93143,2.82,2.98048,2.47571,2.73857,2.71143,4.35048
2008-02-01,3.7375,4.517,2.9625,2.174,2.779,1.973,2.273,2.0535,4.493
2008-03-01,3.51,4.393,2.629,1.2835,2.4835,1.617,1.3505,1.544,4.356
2008-04-01,3.675,4.44318,2.26773,1.31182,2.84136,2.04727,1.07182,1.73818,4.43727
2008-05-01,3.88,4.59619,1.99333,1.76429,3.15333,2.44571,1.75857,2.05571,4.59524
2008-06-01,4.09952,4.68905,2.00143,1.89048,3.48524,2.77381,1.72381,2.41952,4.73571
2008-07-01,4.00773,4.57091,2.01909,1.655,3.30318,2.57318,1.60364,2.28182,4.62318
2008-08-01,3.88571,4.5019,1.98619,1.75286,3.1419,2.42048,1.67857,2.17714,4.53381
2008-09-01,3.68619,4.26905,1.86429,1.14667,2.88429,2.07619,0.885714,1.91286,4.32381
2008-10-01,3.81409,4.17318,1.01727,0.685909,2.72636,1.61227,0.291818,1.42045,4.45091
2008-11-01,3.52667,4.00444,0.387222,0.193889,2.29167,1.21278,0.0933333,1.06667,4.27111
2008-12-01,2.41636,2.87,0.170909,0.0340909,1.52182,0.820909,0.03,0.494545,3.17591
2009-01-01,2.5175,3.128,0.157,0.1295,1.5965,0.807,0.0505,0.4445,3.457
2009-02-01,2.87,3.58684,0.223684,0.295263,1.87158,0.975263,0.219474,0.622632,3.83474
2009-03-01,2.81955,3.64318,0.182727,0.215909,1.81591,0.931364,0.104545,0.644091,3.78
2009-04-01,2.92714,3.76,0.153333,0.158095,1.8581,0.927143,0.0952381,0.547619,3.84381
2009-05-01,3.293,4.227,0.1745,0.177,2.134,0.9295,0.1375,0.5015,4.2195
2009-06-01,3.72182,4.51636,0.207727,0.178636,2.70591,1.18409,0.0986364,0.513636,4.50864
2009-07-01,3.56227,4.40682,0.156818,0.183636,2.46273,1.01909,0.146818,0.478636,4.37773
2009-08-01,3.58714,4.37095,0.160476,0.171905,2.57095,1.11524,0.124286,0.459048,4.32762
2009-09-01,3.4019,4.18571,0.14619,0.123333,2.36905,0.95619,0.0614286,0.404762,4.14048
2009-10-01,3.38762,4.18857,0.117619,0.0742857,2.33286,0.949048,0.0409524,0.374762,4.16238
2009-11-01,3.40263,4.31474,0.12,0.0521053,2.23053,0.803158,0.0526316,0.313158,4.23526
2009-12-01,3.59,4.49409,0.118636,0.0545455,2.34045,0.874545,0.0318182,0.371364,4.39955
2010-01-01,3.73316,4.60474,0.116842,0.0615789,2.48421,0.928947,0.0226316,0.345789,4.50158
2010-02-01,3.69105,4.61947,0.126316,0.108947,2.36368,0.856842,0.0573684,0.345789,4.48105
2010-03-01,3.72739,4.64478,0.161739,0.150435,2.43304,0.958696,0.116522,0.395652,4.48913
2010-04-01,3.84682,4.69318,0.197727,0.162273,2.58136,1.06045,0.150455,0.445,4.53136
2010-05-01,3.42,4.286,0.2025,0.16,2.18,0.8305,0.147,0.371,4.1145
2010-06-01,3.20409,4.12773,0.176364,0.123636,1.99636,0.724545,0.0795455,0.318182,3.95
2010-07-01,3.01143,3.99429,0.181905,0.157619,1.76286,0.616667,0.156667,0.291429,3.79619
2010-08-01,2.69864,3.80318,0.189545,0.155,1.46545,0.520455,0.154091,0.259091,3.51682
2010-09-01,2.64762,3.77333,0.19381,0.151905,1.41048,0.48,0.116667,0.256667,3.46905
2010-10-01,2.54,3.8725,0.1905,0.1345,1.1825,0.376,0.1405,0.228,3.524
2010-11-01,2.763,4.186,0.195,0.143,1.35,0.454,0.134,0.252,3.818
2010-12-01,3.29091,4.41773,0.183182,0.140909,1.93455,0.618182,0.0877273,0.294091,4.17364
2011-01-01,3.394,4.523,0.173,0.152,1.9945,0.6145,0.141,0.2735,4.281
2011-02-01,3.57632,4.65211,0.157895,0.132105,2.25789,0.772632,0.114737,0.286316,4.42368
2011-03-01,3.41435,4.51391,0.138261,0.100435,2.11348,0.697391,0.0647826,0.25913,4.26609
2011-04-01,3.455,4.5015,0.0955,0.0585,2.169,0.7345,0.0295,0.2465,4.276
2011-05-01,3.16857,4.29333,0.0933333,0.0409524,1.84238,0.555238,0.0242857,0.188095,4.01143
2011-06-01,3.00227,4.23273,0.0909091,0.0372727,1.58,0.410455,0.0190909,0.180909,3.91455
2011-07-01,3.003,4.2705,0.068,0.0375,1.541,0.4065,0.0375,0.185,3.9475
2011-08-01,2.30304,3.6513,0.0978261,0.0243478,1.0213,0.230435,0.0173913,0.114783,3.24478
2011-09-01,1.97524,3.18238,0.0838095,0.0138095,0.900476,0.211429,0.00571429,0.104762,2.82714
2011-10-01,2.152,3.128,0.072,0.019,1.0615,0.2805,0.0135,0.1145,2.8695
2011-11-01,2.0135,3.0155,0.082,0.014,0.908,0.2535,0.014,0.112,2.718
2011-12-01,1.9781,2.98238,0.0714286,0.0114286,0.891429,0.257143,0.00333333,0.115238,2.66762
2012-01-01,1.9665,3.026,0.0845,0.0345,0.835,0.2405,0.0245,0.115,2.695
2012-02-01,1.9675,3.109,0.105,0.092,0.831,0.278,0.0635,0.161,2.748
2012-03-01,2.17273,3.28136,0.127273,0.0840909,1.01727,0.344545,0.0636364,0.19,2.94045
2012-04-01,2.05286,3.18429,0.145238,0.0838095,0.894762,0.291905,0.0666667,0.183333,2.81667
2012-05-01,1.80318,2.93091,0.156364,0.0895455,0.761818,0.285,0.0659091,0.191818,2.52591
2012-06-01,1.62238,2.6981,0.161905,0.0914286,0.711429,0.291905,0.0519048,0.189048,2.30619
2012-07-01,1.52667,2.59,0.158571,0.0971429,0.619524,0.248095,0.0695238,0.185714,2.21714
2012-08-01,1.67826,2.77087,0.132174,0.102609,0.713913,0.268696,0.0921739,0.183478,2.39783
2012-09-01,1.72316,2.88158,0.149474,0.105263,0.668947,0.255263,0.0752632,0.175789,2.48842
2012-10-01,1.74619,2.90048,0.158571,0.104762,0.708571,0.277143,0.109524,0.179524,2.50571
2012-11-01,1.654,2.8035,0.161,0.0935,0.665,0.268,0.1245,0.1785,2.3895
2012-12-01,1.719,2.8835,0.163,0.07,0.696,0.257,0.0395,0.1585,2.4675
2013-01-01,1.91476,3.08048,0.144286,0.0742857,0.805238,0.265238,0.0519048,0.145238,2.68143
2013-02-01,1.98421,3.16526,0.142105,0.0989474,0.846316,0.267368,0.0768421,0.157368,2.78263
2013-03-01,1.9575,3.1625,0.149,0.087,0.8185,0.256,0.078,0.1475,2.784
2013-04-01,1.75909,2.93273,0.145,0.06,0.710455,0.232273,0.0490909,0.124545,2.55
2013-05-01,1.92818,3.11273,0.108636,0.0440909,0.840909,0.250455,0.0204545,0.118636,2.72864
2013-06-01,2.3,3.4,0.0955,0.0505,1.2035,0.3335,0.0345,0.142,3.074
2013-07-01,2.58227,3.605,0.0922727,0.0354545,1.40318,0.340909,0.0209091,0.121818,3.30727
2013-08-01,2.73727,3.75773,0.0827273,0.0436364,1.52045,0.356364,0.0368182,0.126818,3.48818
2013-09-01,2.8095,3.787,0.081,0.016,1.596,0.404,0.0175,0.1185,3.526
2013-10-01,2.61591,3.67591,0.0854545,0.0472727,1.36682,0.335455,0.105909,0.121364,3.37955
2013-11-01,2.71842,3.8,0.0847368,0.0678947,1.37105,0.303684,0.0468421,0.121579,3.50368
2013-12-01,2.9019,3.88905,0.0861905,0.0666667,1.57619,0.34,0.0190476,0.132857,3.62667
2014-01-01,2.8581,3.76905,0.0714286,0.0433333,1.64667,0.39381,0.0171429,0.11619,3.5219
2014-02-01,2.70947,3.66263,0.0673684,0.0526316,1.51579,0.326842,0.0468421,0.116842,3.38474
2014-03-01,2.72333,3.62095,0.0790476,0.052381,1.63952,0.399048,0.0514286,0.128095,3.34667
2014-04-01,2.70524,3.51762,0.09,0.0309524,1.70095,0.417143,0.0233333,0.107619,3.26524
2014-05-01,2.55905,3.39,0.0871429,0.032381,1.59286,0.389048,0.0266667,0.0966667,3.11524
2014-06-01,2.59857,3.42,0.0957143,0.0357143,1.67905,0.452381,0.0242857,0.104762,3.15333
2014-07-01,2.54227,3.33182,0.0913636,0.0263636,1.69955,0.506364,0.0240909,0.111364,3.07136
2014-08-01,2.42,3.20095,0.0890476,0.0328571,1.63143,0.472381,0.03,0.107143,2.93667
2014-09-01,2.53429,3.26,0.0885714,0.02,1.77381,0.566667,0.0114286,0.109524,3.01333
2014-10-01,2.30409,3.04,0.0886364,0.0168182,1.54591,0.445455,0.0209091,0.104545,2.77318
2014-11-01,2.32556,3.03833,0.095,0.0216667,1.62056,0.527222,0.0416667,0.134444,2.76444
2014-12-01,2.20727,2.83318,0.121364,0.0290909,1.64,0.635455,0.025,0.214545,2.55045
2015-01-01,1.8815,2.455,0.1165,0.0275,1.3745,0.5515,0.018,0.1955,2.199
2015-02-01,1.97526,2.56632,0.113684,0.0178947,1.47263,0.618947,0.0178947,0.224211,2.33842
2015-03-01,2.04273,2.62636,0.113636,0.0277273,1.51909,0.640455,0.0227273,0.253636,2.40682
2015-04-01,1.935,2.58591,0.124545,0.0231818,1.35455,0.54,0.0181818,0.233636,2.33409
2015-05-01,2.1975,2.955,0.1245,0.0165,1.5385,0.609,0.013,0.241,2.692
2015-06-01,2.36364,3.11182,0.128636,0.015,1.68364,0.688636,0.00772727,0.275455,2.84545
2015-07-01,2.32455,3.06636,0.130455,0.0322727,1.63227,0.667727,0.03,0.296818,2.76636
2015-08-01,2.16714,2.85571,0.141905,0.0719048,1.54143,0.697619,0.0352381,0.375714,2.54667
2015-09-01,2.17286,2.95286,0.135238,0.0242857,1.49,0.713333,0.00857143,0.373333,2.6181
2015-10-01,2.07,2.8881,0.124286,0.0166667,1.38571,0.644762,0.0142857,0.263333,2.50286
2015-11-01,2.26316,3.03,0.118947,0.126316,1.67105,0.884737,0.0710526,0.476842,2.68632
2015-12-01,2.24273,2.97,0.231818,0.228636,1.69864,0.982727,0.171818,0.653636,2.60727
2016-01-01,2.08526,2.85842,0.362632,0.257368,1.51842,0.899474,0.227368,0.543158,2.48895
2016-02-01,1.7795,2.623,0.374,0.3145,1.222,0.7335,0.256,0.534,2.199
2016-03-01,1.88909,2.68455,0.360909,0.297273,1.37591,0.875,0.253182,0.656364,2.27591
2016-04-01,1.80524,2.62333,0.366667,0.228095,1.2581,0.768095,0.187619,0.555714,2.21048
2016-05-01,1.80619,2.62762,0.36619,0.276667,1.30048,0.81619,0.22619,0.591429,2.21667
2016-06-01,1.64409,2.45227,0.376818,0.272727,1.16636,0.731364,0.221364,0.552273,2.01909
2016-07-01,1.504,2.227,0.3955,0.301,1.0715,0.6725,0.2635,0.5135,1.8225
2016-08-01,1.55652,2.26174,0.395652,0.299565,1.13304,0.737391,0.26087,0.568261,1.88957
2016-09-01,1.63048,2.35048,0.394762,0.294286,1.1781,0.770952,0.191429,0.593333,2.01524
2016-10-01,1.7645,2.5005,0.4025,0.3315,1.272,0.843,0.244,0.6595,2.1705
2016-11-01,2.142,2.862,0.405,0.4525,1.596,0.9795,0.3,0.736,2.537
2016-12-01,2.4919,3.11333,0.535714,0.511905,1.95905,1.19667,0.423333,0.86619,2.83524
2017-01-01,2.4325,3.019,0.655,0.519,1.9165,1.2065,0.496,0.8255,2.7475
2017-02-01,2.41895,3.03211,0.655263,0.526316,1.90158,1.20105,0.482105,0.820526,2.76368
2017-03-01,2.48174,3.0813,0.786522,0.747826,2.01348,1.31304,0.662609,1.01043,2.83174
2017-04-01,2.29737,2.94158,0.905789,0.808421,1.82421,1.24105,0.745789,1.04211,2.66737
2017-05-01,2.30364,2.95909,0.906364,0.903182,1.83682,1.30182,0.728182,1.12273,2.69591
2017-06-01,2.18682,2.79636,1.04182,0.999091,1.77409,1.34227,0.841364,1.20091,2.54
2017-07-01,2.318,2.884,1.1555,1.0865,1.872,1.3725,0.972,1.2235,2.6505
2017-08-01,2.20913,2.79522,1.15609,1.03217,1.77652,1.33522,0.979565,1.22913,2.55217
2017-09-01,2.202,2.7765,1.155,1.0465,1.7975,1.3845,0.994,1.28,2.53
2017-10-01,2.36,2.8781,1.15571,1.09333,1.98095,1.54952,0.995714,1.39762,2.64905
2017-11-01,2.35333,2.8019,1.15571,1.25048,2.05,1.69667,1.09,1.56,2.60238
2017-12-01,2.4025,2.768,1.2985,1.3415,2.182,1.844,1.204,1.7005,2.597
2018-01-01,2.58381,2.87762,1.41619,1.43238,2.3819,2.0319,1.3,1.80286,2.73429
2018-02-01,2.85895,3.13105,1.41632,1.58789,2.59947,2.17526,1.38053,1.96368,3.01684
2018-03-01,2.84238,3.09143,1.49762,1.72667,2.62952,2.27571,1.63667,2.06286,2.97333
2018-04-01,2.86905,3.0719,1.69238,1.7881,2.7019,2.38429,1.66048,2.15381,2.95952
2018-05-01,2.97773,3.13182,1.7,1.89955,2.81682,2.51182,1.70682,2.27364,3.05182
2018-06-01,2.91238,3.05,1.82095,1.93524,2.77571,2.53333,1.80524,2.3281,2.97762
2018-07-01,2.88905,3.00667,1.91,1.99476,2.77762,2.60667,1.89333,2.38762,2.94476
2018-08-01,2.88913,3.04174,1.91478,2.07261,2.76783,2.63565,1.94087,2.44565,2.97043
2018-09-01,3.00421,3.15105,1.94895,2.16526,2.89368,2.76789,2.03684,2.55789,3.08474
2018-10-01,3.15227,3.33955,2.18818,2.29318,3.00045,2.86091,2.17364,2.65182,3.26636
2018-11-01,3.117,3.361,2.199,2.374,2.947,2.859,2.2405,2.6985,3.268
2018-12-01,2.83263,3.09579,2.27053,2.41211,2.68158,2.67632,2.36579,2.65526,2.97632
2019-01-01,2.71381,3.03524,2.4,2.42381,2.53619,2.54333,2.40048,2.57952,2.89048
2019-02-01,2.67632,3.02368,2.4,2.43789,2.48789,2.50421,2.42526,2.54947,2.87
2019-03-01,2.57095,2.97762,2.40381,2.45381,2.37286,2.40952,2.45429,2.49095,2.79857
2019-04-01,2.53238,2.94048,2.42238,2.43286,2.33333,2.34476,2.42571,2.42476,2.75762
2019-05-01,2.395,2.81773,2.39273,2.40318,2.18773,2.20636,2.39636,2.34045,2.63455
2019-06-01,2.074,2.5745,2.3755,2.2195,1.825,1.814,2.222,1.995,2.3645
2019-07-01,2.05909,2.57273,2.40273,2.145,1.82818,1.835,2.15318,1.96227,2.35591
2019-08-01,1.62636,2.11909,2.125,1.99045,1.48682,1.57136,2.06773,1.77227,1.91318
2019-09-01,1.6995,2.158,2.0525,1.9345,1.565,1.648,1.986,1.796,1.97
2019-10-01,1.70682,2.19045,1.83,1.67864,1.525,1.55136,1.72545,1.60818,2.00364
2019-11-01,1.81211,2.28053,1.55263,1.57211,1.63947,1.61263,1.58368,1.56789,2.12632
2019-12-01,1.86286,2.29762,1.55095,1.56524,1.68238,1.61333,1.55143,1.54905,2.16048
2020-01-01,1.75762,2.21619,1.5519,1.55238,1.56238,1.51905,1.53333,1.53286,2.06714
2020-02-01,1.50421,1.97053,1.58368,1.54474,1.32368,1.33105,1.57632,1.40579,1.80684
2020-03-01,0.87,1.455,0.625455,0.295455,0.591818,0.448182,0.370455,0.331818,1.25727
2020-04-01,0.657619,1.26524,0.0485714,0.138095,0.388095,0.224762,0.11,0.184286,1.06429
2020-05-01,0.674,1.378,0.05,0.1275,0.3395,0.1705,0.0985,0.1615,1.1245
2020-06-01,0.728636,1.49364,0.0768182,0.159545,0.344545,0.185,0.13,0.176364,1.26636
2020-07-01,0.623636,1.31045,0.0936364,0.126818,0.278636,0.148182,0.105909,0.145455,1.09182
2020-08-01,0.65,1.3581,0.0947619,0.104286,0.266667,0.139524,0.082381,0.130476,1.13524
2020-09-01,0.679524,1.42286,0.09,0.108571,0.269524,0.134762,0.0895238,0.127619,1.20905
2020-10-01,0.787143,1.56857,0.09,0.100476,0.335714,0.149524,0.0866667,0.126667,1.34095
2020-11-01,0.87,1.61526,0.0868421,0.0910526,0.387895,0.165789,0.0868421,0.117368,1.40158
2020-12-01,0.933636,1.67045,0.09,0.0872727,0.385909,0.135909,0.0763636,0.100455,1.46636
2021-01-01,1.08105,1.82474,0.0852632,0.0836842,0.445263,0.131053,0.0763158,0.100526,1.63
2021-02-01,1.25789,2.04263,0.0757895,0.0426316,0.542632,0.115263,0.0357895,0.0726316,1.87947
2021-03-01,1.61087,2.33913,0.0695652,0.0313043,0.823043,0.146957,0.0243478,0.0756522,2.23739
2021-04-01,1.635,2.29955,0.0686364,0.0209091,0.861818,0.163182,0.0163636,0.0609091,2.19773
2021-05-01,1.621,2.316,0.0595,0.018,0.8195,0.155,0.0075,0.0505,2.215
2021-06-01,1.51909,2.16364,0.0772727,0.0359091,0.838636,0.202727,0.0272727,0.0668182,2.09364
2021-07-01,1.31857,1.94286,0.0985714,0.052381,0.764286,0.219524,0.0495238,0.0757143,1.86905
2021-08-09,1.33,1.96,0.1,0.06,0.79,0.23,0.04,0.08,1.87
