date,uninc,inc,INC
1989-01-01,8.17976,,2.7881
1989-02-01,8.10899,,2.7854
1989-03-01,8.10212,,2.8911
1989-04-01,8.13742,,2.71516
1989-05-01,8.03489,,2.82837
1989-06-01,8.04549,,2.64991
1989-07-01,8.10135,,2.76338
1989-08-01,8.11897,,2.79504
1989-09-01,8.07139,,2.7724
1989-10-01,8.04679,,2.7445
1989-11-01,7.93825,,2.7792
1989-12-01,8.05963,,2.81107
1990-01-01,8.02969,,2.72455
1990-02-01,7.96039,,2.71557
1990-03-01,8.04922,,2.69473
1990-04-01,8.03827,,2.65634
1990-05-01,8.05684,,2.71743
1990-06-01,8.07498,,2.67067
1990-07-01,7.99081,,2.86022
1990-08-01,7.9673,,2.8557
1990-09-01,7.94967,,2.90217
1990-10-01,8.03524,,2.74726
1990-11-01,7.97255,,2.71508
1990-12-01,8.15113,,2.56491
1991-01-01,8.07511,,2.64767
1991-02-01,8.11935,,2.59724
1991-03-01,8.09978,,2.68727
1991-04-01,8.41341,,2.61995
1991-05-01,7.98092,,2.73053
1991-06-01,8.1516,,2.67065
1991-07-01,8.13926,,2.67369
1991-08-01,8.1522,,2.70618
1991-09-01,8.15397,,2.63464
1991-10-01,8.1687,,2.68616
1991-11-01,8.13727,,2.69283
1991-12-01,7.99912,,2.64587
1992-01-01,7.80758,,2.80614
1992-02-01,7.83841,,2.61698
1992-03-01,7.78894,,2.80596
1992-04-01,7.70958,,2.81616
1992-05-01,7.67958,,2.79053
1992-06-01,7.6974,,2.81241
1992-07-01,7.75884,,2.78473
1992-08-01,7.78304,,2.68297
1992-09-01,7.81862,,2.69538
1992-10-01,7.81326,,2.6291
1992-11-01,7.81137,,2.72784
1992-12-01,7.83795,,2.83962
1993-01-01,7.92757,,2.80602
1993-02-01,7.9707,,2.81525
1993-03-01,7.86793,,2.82028
1993-04-01,8.00411,,2.70674
1993-05-01,8.08268,,2.67486
1993-06-01,8.03796,,2.66685
1993-07-01,8.00869,,2.68901
1993-08-01,7.93325,,2.67617
1993-09-01,7.92772,,2.73758
1993-10-01,7.89979,,2.71904
1993-11-01,7.95461,,2.84011
1993-12-01,7.90128,,2.7901
1994-01-01,8.11204,,3.2196
1994-02-01,8.26975,,3.2478
1994-03-01,8.19709,,3.23967
1994-04-01,8.20159,,3.34998
1994-05-01,8.22762,,3.18302
1994-06-01,8.0989,,3.18458
1994-07-01,8.08484,,3.11207
1994-08-01,8.1714,,3.15887
1994-09-01,8.0634,,3.27742
1994-10-01,7.97152,,3.31632
1994-11-01,8.04983,,3.44967
1994-12-01,8.08709,,3.42318
1995-01-01,8.06056,,3.37146
1995-02-01,8.02861,,3.40368
1995-03-01,7.92533,,3.26409
1995-04-01,7.91462,,3.42125
1995-05-01,7.89907,,3.37344
1995-06-01,7.87274,,3.2848
1995-07-01,7.99287,,3.33834
1995-08-01,7.89808,,3.38214
1995-09-01,7.88924,,3.07898
1995-10-01,7.91389,,2.88933
1995-11-01,7.82044,,2.83051
1995-12-01,7.87708,,2.64654
1996-01-01,7.87311,,2.80184
1996-02-01,7.9382,,2.8875
1996-03-01,7.96291,,2.82199
1996-04-01,7.88927,,2.84614
1996-05-01,7.74387,,2.85124
1996-06-01,7.84161,,3.02481
1996-07-01,7.82074,,3.13441
1996-08-01,7.78045,,3.20687
1996-09-01,7.67349,,3.35613
1996-10-01,7.82087,,3.3476
1996-11-01,7.76997,,3.37625
1996-12-01,7.86897,,3.27665
1997-01-01,8.01293,,3.17904
1997-02-01,7.8161,,3.14885
1997-03-01,7.89015,,3.08368
1997-04-01,7.74174,,3.16095
1997-05-01,7.74322,,3.18036
1997-06-01,7.69908,,3.07779
1997-07-01,7.5815,,3.08975
1997-08-01,7.62198,,3.23234
1997-09-01,7.59539,,3.36711
1997-10-01,7.58528,,3.27036
1997-11-01,7.68029,,3.34687
1997-12-01,7.61256,,3.20172
1998-01-01,7.54003,,3.07341
1998-02-01,7.44574,,3.1391
1998-03-01,7.3727,,3.10447
1998-04-01,7.53117,,3.11905
1998-05-01,7.57651,,3.0414
1998-06-01,7.59012,,2.97204
1998-07-01,7.57915,,3.08194
1998-08-01,7.45948,,3.11706
1998-09-01,7.48738,,3.11868
1998-10-01,7.43786,,3.29375
1998-11-01,7.42515,,3.20478
1998-12-01,7.34308,,3.11997
1999-01-01,7.2797,,3.14049
1999-02-01,7.23985,,3.07322
1999-03-01,7.25077,,2.9391
1999-04-01,7.30791,,3.00635
1999-05-01,7.234,,3.11976
1999-06-01,7.35597,,3.09641
1999-07-01,7.27415,,3.11281
1999-08-01,7.38148,,3.08799
1999-09-01,7.14357,,3.14115
1999-10-01,7.23755,,3.15432
1999-11-01,7.07802,,3.11742
1999-12-01,7.04752,,3.06078
2000-01-01,7.2385,3.06809,3.05336
2000-02-01,7.28576,3.1155,3.09222
2000-03-01,7.2602,3.11772,3.08319
2000-04-01,7.2742,3.09347,3.06448
2000-05-01,7.26817,3.03214,3.03167
2000-06-01,7.20102,3.05476,3.03559
2000-07-01,7.15079,3.16001,3.16132
2000-08-01,7.17263,3.17453,3.18536
2000-09-01,7.25312,3.25081,3.2701
2000-10-01,6.97929,3.14259,3.16585
2000-11-01,6.87176,3.17164,3.14289
2000-12-01,6.99137,3.14234,3.12044
2001-01-01,7.0153,3.14714,
2001-02-01,7.10781,3.10063,
2001-03-01,7.22117,2.99727,
2001-04-01,7.09415,2.92464,
2001-05-01,7.07099,2.97784,
2001-06-01,7.1437,3.04525,
2001-07-01,7.05306,3.06967,
2001-08-01,6.97566,3.15173,
2001-09-01,7.01512,3.18382,
2001-10-01,6.96251,3.20283,
2001-11-01,6.81711,3.16695,
2001-12-01,6.89096,3.19837,
2002-01-01,6.70475,3.24657,
2002-02-01,6.73889,3.17816,
2002-03-01,6.75175,3.11569,
2002-04-01,6.78597,3.13337,
2002-05-01,6.7967,3.12952,
2002-06-01,6.73858,3.20611,
2002-07-01,6.80994,3.24648,
2002-08-01,6.81889,3.1498,
2002-09-01,6.91986,3.11779,
2002-10-01,6.96285,3.15855,
2002-11-01,7.08903,3.20253,
2002-12-01,7.11676,3.2823,
2003-01-01,7.12362,3.32964,
2003-02-01,6.97467,3.34745,
2003-03-01,6.9469,3.42865,
2003-04-01,6.93434,3.46753,
2003-05-01,6.86143,3.41966,
2003-06-01,6.96333,3.45538,
2003-07-01,6.98775,3.40342,
2003-08-01,7.11257,3.33953,
2003-09-01,7.05316,3.35714,
2003-10-01,7.08375,3.28844,
2003-11-01,7.17075,3.39459,
2003-12-01,7.1356,3.36039,
2004-01-01,7.1233,3.41759,
2004-02-01,7.05342,3.41626,
2004-03-01,6.84751,3.51544,
2004-04-01,6.92271,3.57309,
2004-05-01,7.02071,3.562,
2004-06-01,7.00868,3.57225,
2004-07-01,7.12903,3.52909,
2004-08-01,7.23686,3.59597,
2004-09-01,7.10647,3.54789,
2004-10-01,7.21008,3.45997,
2004-11-01,7.14353,3.40583,
2004-12-01,7.13297,3.33791,
2005-01-01,7.10401,3.40527,
2005-02-01,7.12302,3.44601,
2005-03-01,7.1689,3.6211,
2005-04-01,7.32713,3.67091,
2005-05-01,7.08423,3.64459,
2005-06-01,6.94461,3.52498,
2005-07-01,6.99582,3.45152,
2005-08-01,6.77331,3.45985,
2005-09-01,6.89145,3.40701,
2005-10-01,6.91995,3.45899,
2005-11-01,6.87835,3.52971,
2005-12-01,6.94328,3.60169,
2006-01-01,7.07524,3.71655,
2006-02-01,7.0585,3.70776,
2006-03-01,7.02061,3.66667,
2006-04-01,6.98497,3.67089,
2006-05-01,6.95113,3.58138,
2006-06-01,6.91558,3.59538,
2006-07-01,6.88744,3.55921,
2006-08-01,6.92544,3.55295,
2006-09-01,6.9912,3.54931,
2006-10-01,7.02705,3.57815,
2006-11-01,6.98988,3.66341,
2006-12-01,7.11049,3.73662,
2007-01-01,6.88176,3.76504,
2007-02-01,6.83475,3.86097,
2007-03-01,6.95324,3.74419,
2007-04-01,6.8954,3.71997,
2007-05-01,6.86382,3.74992,
2007-06-01,6.89162,3.6959,
2007-07-01,6.84987,3.6172,
2007-08-01,6.76273,3.74089,
2007-09-01,6.76992,3.70926,
2007-10-01,6.69852,3.78006,
2007-11-01,6.64283,3.7881,
2007-12-01,6.58403,3.77997,
2008-01-01,6.63819,3.73295,
2008-02-01,6.67478,3.7914,
2008-03-01,6.54287,3.8071,
2008-04-01,6.61382,3.74262,
2008-05-01,6.59741,3.76421,
2008-06-01,6.62031,3.67073,
2008-07-01,6.74634,3.63532,
2008-08-01,6.55648,3.74999,
2008-09-01,6.46633,3.73894,
2008-10-01,6.29342,3.79196,
2008-11-01,6.27203,3.7976,
2008-12-01,6.3632,3.76679,
2009-01-01,6.30698,3.64886,
2009-02-01,6.36607,3.61499,
2009-03-01,6.53007,3.66882,
2009-04-01,6.42422,3.56358,
2009-05-01,6.35101,3.53644,
2009-06-01,6.32708,3.40942,
2009-07-01,6.30995,3.43157,
2009-08-01,6.42097,3.47973,
2009-09-01,6.3903,3.4944,
2009-10-01,6.28349,3.59423,
2009-11-01,6.35179,3.49879,
2009-12-01,6.43847,3.6151,
2010-01-01,6.34268,3.58467,
2010-02-01,6.45764,3.49622,
2010-03-01,6.35125,3.54419,
2010-04-01,6.30958,3.3292,
2010-05-01,6.33652,3.33732,
2010-06-01,6.31314,3.39478,
2010-07-01,6.27558,3.30521,
2010-08-01,6.22769,3.22929,
2010-09-01,6.20425,3.27323,
2010-10-01,6.31106,3.27819,
2010-11-01,6.15929,3.27721,
2010-12-01,6.19004,3.43637,
2011-01-01,6.31529,3.41428,
2011-02-01,6.26379,3.42058,
2011-03-01,6.26826,3.37795,
2011-04-01,6.1911,3.28977,
2011-05-01,6.19433,3.4096,
2011-06-01,6.1058,3.33575,
2011-07-01,6.07484,3.33953,
2011-08-01,6.13163,3.30496,
2011-09-01,5.93197,3.21383,
2011-10-01,6.11129,3.26437,
2011-11-01,6.08715,3.29249,
2011-12-01,6.14371,3.38978,
2012-01-01,6.19701,3.38209,
2012-02-01,6.00242,3.391,
2012-03-01,6.033,3.32435,
2012-04-01,6.04225,3.41639,
2012-05-01,6.12852,3.49617,
2012-06-01,6.20184,3.32896,
2012-07-01,6.20983,3.35791,
2012-08-01,6.1339,3.45625,
2012-09-01,6.19038,3.39384,
2012-10-01,6.14706,3.45554,
2012-11-01,6.24767,3.33004,
2012-12-01,6.25273,3.34078,
2013-01-01,6.09002,3.38773,
2013-02-01,6.06264,3.39049,
2013-03-01,5.83465,3.50717,
2013-04-01,6.04077,3.45226,
2013-05-01,6.06548,3.40645,
2013-06-01,6.09892,3.29113,
2013-07-01,6.26868,3.2997,
2013-08-01,6.13219,3.40961,
2013-09-01,6.05189,3.414,
2013-10-01,5.99652,3.50056,
2013-11-01,5.98139,3.43769,
2013-12-01,6.02647,3.5186,
2014-01-01,5.99091,3.53152,
2014-02-01,6.04954,3.47359,
2014-03-01,5.96047,3.50967,
2014-04-01,5.95099,3.47703,
2014-05-01,5.84839,3.4625,
2014-06-01,5.88092,3.37713,
2014-07-01,5.89974,3.37875,
2014-08-01,5.93672,3.38417,
2014-09-01,6.11446,3.46369,
2014-10-01,6.1937,3.51624,
2014-11-01,6.11972,3.57333,
2014-12-01,6.1024,3.64324,
2015-01-01,6.09883,3.51362,
2015-02-01,5.8534,3.47282,
2015-03-01,6.059,3.52742,
2015-04-01,6.10276,3.43524,
2015-05-01,6.3298,3.45995,
2015-06-01,6.08932,3.50954,
2015-07-01,6.16763,3.43979,
2015-08-01,6.1315,3.28865,
2015-09-01,5.88134,3.53369,
2015-10-01,5.98472,3.35827,
2015-11-01,5.98998,3.61764,
2015-12-01,5.91388,3.71522,
2016-01-01,6.0393,3.68358,
2016-02-01,6.05963,3.65999,
2016-03-01,6.15282,3.50448,
2016-04-01,6.15555,3.48165,
2016-05-01,6.11837,3.44836,
2016-06-01,6.04339,3.48831,
2016-07-01,5.92987,3.40251,
2016-08-01,5.9726,3.34293,
2016-09-01,5.90368,3.59192,
2016-10-01,5.94092,3.56984,
2016-11-01,5.95714,3.69894,
2016-12-01,6.12044,3.67055,
2017-01-01,5.83887,3.60042,
2017-02-01,6.08036,3.56216,
2017-03-01,6.00548,3.58947,
2017-04-01,5.91662,3.66732,
2017-05-01,5.875,3.58922,
2017-06-01,5.99468,3.47781,
2017-07-01,5.67673,3.55257,
2017-08-01,5.76202,3.62358,
2017-09-01,5.91846,3.70943,
2017-10-01,6.05393,3.8457,
2017-11-01,6.08797,3.7522,
2017-12-01,6.09088,3.78221,
2018-01-01,6.1275,3.72289,
2018-02-01,6.06139,3.57103,
2018-03-01,6.12607,3.64659,
2018-04-01,6.08144,3.58817,
2018-05-01,6.0217,3.52116,
2018-06-01,5.80174,3.42118,
2018-07-01,5.8913,3.38659,
2018-08-01,5.87839,3.56249,
2018-09-01,5.98938,3.60587,
2018-10-01,5.92367,3.72228,
2018-11-01,5.95446,3.8275,
2018-12-01,6.01816,3.74438,
2019-01-01,5.94307,3.67974,
2019-02-01,5.86139,3.72989,
2019-03-01,5.78439,3.67946,
2019-04-01,5.69791,3.75948,
2019-05-01,5.76341,3.72629,
2019-06-01,5.82222,3.77468,
2019-07-01,5.91173,3.77408,
2019-08-01,5.85563,3.74896,
2019-09-01,5.84977,3.79827,
2019-10-01,5.84493,3.86326,
2019-11-01,5.85121,3.83183,
2019-12-01,5.81364,3.99617,
2020-01-01,5.78426,3.95848,
2020-02-01,5.79691,3.93765,
2020-03-01,5.80282,3.86804,
2020-04-01,5.27616,4.11346,
2020-05-01,5.47625,3.95569,
2020-06-01,5.67209,3.8587,
2020-07-01,5.71279,3.89096,
2020-08-01,5.91266,3.93064,
2020-09-01,5.91357,3.92009,
2020-10-01,5.94772,3.92107,
2020-11-01,5.89122,3.88613,
2020-12-01,5.87203,3.66149,
2021-01-01,5.97947,3.7291,
2021-02-01,5.93018,3.54357,
2021-03-01,6.13816,3.75568,
2021-04-01,6.0131,3.86335,
2021-05-01,6.21059,3.77505,
2021-06-01,6.13764,3.82939,
2021-07-01,6.39706,3.77356,
2021-08-01,6.3364,3.7648,
2021-09-01,6.29777,3.80812,
2021-10-01,6.31461,3.91319,
2021-11-01,6.1599,3.92538,
2021-12-01,6.1736,3.8424,
2022-01-01,6.02271,3.90972,
2022-02-01,6.05874,3.84242,
2022-03-01,6.07472,3.84845,
2022-04-01,6.01903,4.08568,
2022-05-01,6.12696,4.15639,
2022-06-01,6.1228,4.03546,
2022-07-01,5.9637,4.01824,
2022-08-01,5.85717,4.04435,
2022-09-01,5.9996,4.07995,
2022-10-01,6.06062,4.15835,
2022-11-01,5.87827,4.27827,
2022-12-01,5.93576,4.14738,
2023-01-01,5.98217,3.97407,
2023-02-01,6.06153,3.87235,
2023-03-01,5.87738,3.76837,
2023-04-01,5.86834,3.8527,
2023-05-01,5.62146,4.02275,
2023-06-01,5.7757,4.07123,
2023-07-01,5.71218,4.25176,
2023-08-01,5.66106,4.15891,
2023-09-01,5.81547,3.98526,
2023-10-01,5.76103,3.94936,
2023-11-01,5.76001,4.09104,
2023-12-01,5.97653,3.98234,
2024-01-01,5.8461,3.99933,
2024-02-01,5.99395,3.92444,
2024-03-01,6.06311,3.95154,
2024-04-01,5.91283,3.99202,
2024-05-01,5.98128,4.0501,
2024-06-01,5.77324,4.12646,
2024-07-01,5.85469,4.07193,
2024-08-01,5.98367,4.09509,
2024-09-01,5.84542,4.25582,
2024-10-01,5.83628,4.07726,
2024-11-01,5.80453,4.06389,
2024-12-01,5.91492,4.08355,
2025-01-01,5.7494,4.01675,
2025-02-01,5.69816,4.06252,
2025-03-01,5.75477,4.01985,
2025-04-01,5.81454,4.09024,
2025-05-01,5.87007,3.93324,
2025-06-01,5.67966,4.11572,
2025-07-01,5.6469,3.93892,
2025-08-01,5.81025,4.08045,
2025-09-01,5.68723,4.18416,
2025-10-01,5.82756,4.17411,
2025-11-01,5.96767,4.16407,
2025-12-01,5.7162,4.06389,
2026-01-01,5.75602,3.99618,
2026-02-01,5.6293,4.13029,
2026-03-01,5.56068,3.95763,
2026-04-01,5.63664,3.96702,
2026-05-01,5.60037,4.05239,
