date,Ten-3M,Ten-2Y
2012-01-03,1.95,1.7
2012-01-04,1.98,1.75
2012-01-05,2,1.75
2012-01-06,1.96,1.73
2012-01-09,1.97,1.72
2012-01-10,1.98,1.76
2012-01-11,1.91,1.69
2012-01-12,1.91,1.72
2012-01-13,1.86,1.65
2012-01-17,1.84,1.66
2012-01-18,1.89,1.68
2012-01-19,1.96,1.75
2012-01-20,2,1.79
2012-01-23,2.05,1.83
2012-01-24,2.04,1.84
2012-01-25,1.97,1.79
2012-01-26,1.91,1.74
2012-01-27,1.87,1.71
2012-01-30,1.82,1.65
2012-01-31,1.77,1.61
2012-02-01,1.81,1.64
2012-02-02,1.78,1.63
2012-02-03,1.89,1.74
2012-02-06,1.85,1.69
2012-02-07,1.92,1.75
2012-02-08,1.92,1.74
2012-02-09,1.95,1.77
2012-02-10,1.87,1.69
2012-02-13,1.88,1.7
2012-02-14,1.8,1.63
2012-02-15,1.82,1.64
2012-02-16,1.89,1.7
2012-02-17,1.92,1.72
2012-02-21,1.97,1.74
2012-02-22,1.92,1.72
2012-02-23,1.9,1.68
2012-02-24,1.88,1.67
2012-02-27,1.8,1.62
2012-02-28,1.84,1.64
2012-02-29,1.9,1.68
2012-03-01,1.95,1.73
2012-03-02,1.92,1.71
2012-03-05,1.92,1.69
2012-03-06,1.88,1.66
2012-03-07,1.9,1.68
2012-03-08,1.95,1.71
2012-03-09,1.95,1.71
2012-03-12,1.95,1.71
2012-03-13,2.06,1.79
2012-03-14,2.2,1.89
2012-03-15,2.21,1.92
2012-03-16,2.22,1.94
2012-03-19,2.29,2
2012-03-20,2.28,1.97
2012-03-21,2.22,1.92
2012-03-22,2.21,1.92
2012-03-23,2.17,1.88
2012-03-26,2.17,1.9
2012-03-27,2.11,1.87
2012-03-28,2.12,1.87
2012-03-29,2.11,1.85
2012-03-30,2.16,1.9
2012-04-02,2.14,1.89
2012-04-03,2.22,1.94
2012-04-04,2.17,1.9
2012-04-05,2.11,1.84
2012-04-06,2,1.75
2012-04-09,1.97,1.74
2012-04-10,1.92,1.73
2012-04-11,1.96,1.75
2012-04-12,1.99,1.79
2012-04-13,1.93,1.75
2012-04-16,1.92,1.73
2012-04-17,1.95,1.76
2012-04-18,1.93,1.73
2012-04-19,1.91,1.71
2012-04-20,1.91,1.7
2012-04-23,1.88,1.69
2012-04-24,1.91,1.73
2012-04-25,1.92,1.75
2012-04-26,1.89,1.72
2012-04-27,1.87,1.7
2012-04-30,1.85,1.68
2012-05-01,1.89,1.71
2012-05-02,1.88,1.69
2012-05-03,1.87,1.68
2012-05-04,1.84,1.64
2012-05-07,1.82,1.65
2012-05-08,1.79,1.61
2012-05-09,1.78,1.6
2012-05-10,1.79,1.62
2012-05-11,1.74,1.57
2012-05-14,1.68,1.49
2012-05-15,1.67,1.47
2012-05-16,1.66,1.46
2012-05-17,1.6,1.38
2012-05-18,1.63,1.39
2012-05-21,1.66,1.45
2012-05-22,1.7,1.49
2012-05-23,1.64,1.45
2012-05-24,1.67,1.48
2012-05-25,1.66,1.45
2012-05-29,1.65,1.44
2012-05-30,1.56,1.36
2012-05-31,1.52,1.32
2012-06-01,1.4,1.22
2012-06-04,1.45,1.28
2012-06-05,1.49,1.32
2012-06-06,1.57,1.4
2012-06-07,1.57,1.39
2012-06-08,1.56,1.37
2012-06-11,1.51,1.33
2012-06-12,1.57,1.37
2012-06-13,1.51,1.31
2012-06-14,1.53,1.34
2012-06-15,1.51,1.31
2012-06-18,1.49,1.3
2012-06-19,1.55,1.34
2012-06-20,1.56,1.33
2012-06-21,1.54,1.31
2012-06-22,1.6,1.38
2012-06-25,1.53,1.32
2012-06-26,1.56,1.35
2012-06-27,1.56,1.34
2012-06-28,1.51,1.29
2012-06-29,1.58,1.34
2012-07-02,1.51,1.31
2012-07-03,1.56,1.35
2012-07-05,1.54,1.34
2012-07-06,1.49,1.3
2012-07-09,1.44,1.26
2012-07-10,1.44,1.26
2012-07-11,1.44,1.27
2012-07-12,1.4,1.25
2012-07-13,1.42,1.27
2012-07-16,1.4,1.26
2012-07-17,1.43,1.28
2012-07-18,1.43,1.3
2012-07-19,1.45,1.32
2012-07-20,1.4,1.27
2012-07-23,1.37,1.25
2012-07-24,1.34,1.22
2012-07-25,1.33,1.21
2012-07-26,1.34,1.22
2012-07-27,1.47,1.33
2012-07-30,1.42,1.3
2012-07-31,1.4,1.28
2012-08-01,1.46,1.32
2012-08-02,1.42,1.27
2012-08-03,1.51,1.36
2012-08-06,1.49,1.35
2012-08-07,1.55,1.39
2012-08-08,1.57,1.39
2012-08-09,1.58,1.4
2012-08-10,1.55,1.38
2012-08-13,1.54,1.38
2012-08-14,1.62,1.46
2012-08-15,1.71,1.53
2012-08-16,1.74,1.54
2012-08-17,1.72,1.52
2012-08-20,1.71,1.53
2012-08-21,1.69,1.49
2012-08-22,1.6,1.45
2012-08-23,1.57,1.42
2012-08-24,1.58,1.4
2012-08-27,1.54,1.37
2012-08-28,1.54,1.37
2012-08-29,1.54,1.39
2012-08-30,1.53,1.36
2012-08-31,1.48,1.35
2012-09-04,1.49,1.36
2012-09-05,1.49,1.35
2012-09-06,1.57,1.41
2012-09-07,1.56,1.42
2012-09-10,1.58,1.43
2012-09-11,1.6,1.45
2012-09-12,1.67,1.52
2012-09-13,1.65,1.51
2012-09-14,1.77,1.61
2012-09-17,1.74,1.6
2012-09-18,1.72,1.57
2012-09-19,1.68,1.52
2012-09-20,1.69,1.53
2012-09-21,1.66,1.5
2012-09-24,1.63,1.47
2012-09-25,1.59,1.43
2012-09-26,1.53,1.38
2012-09-27,1.57,1.41
2012-09-28,1.55,1.42
2012-10-01,1.55,1.39
2012-10-02,1.55,1.41
2012-10-03,1.55,1.41
2012-10-04,1.6,1.47
2012-10-05,1.64,1.48
2012-10-09,1.64,1.49
2012-10-10,1.62,1.45
2012-10-11,1.6,1.42
2012-10-12,1.58,1.42
2012-10-15,1.59,1.43
2012-10-16,1.66,1.48
2012-10-17,1.72,1.53
2012-10-18,1.76,1.57
2012-10-19,1.69,1.49
2012-10-22,1.73,1.51
2012-10-23,1.68,1.5
2012-10-24,1.69,1.51
2012-10-25,1.75,1.55
2012-10-26,1.66,1.48
2012-10-29,1.6,1.44
2012-10-31,1.61,1.42
2012-11-01,1.66,1.45
2012-11-02,1.66,1.47
2012-11-05,1.61,1.44
2012-11-06,1.68,1.48
2012-11-07,1.58,1.41
2012-11-08,1.52,1.35
2012-11-09,1.52,1.34
2012-11-13,1.48,1.32
2012-11-14,1.49,1.34
2012-11-15,1.5,1.34
2012-11-16,1.52,1.34
2012-11-19,1.52,1.36
2012-11-20,1.58,1.39
2012-11-21,1.59,1.42
2012-11-23,1.6,1.41
2012-11-26,1.56,1.39
2012-11-27,1.54,1.37
2012-11-28,1.53,1.36
2012-11-29,1.53,1.37
2012-11-30,1.54,1.37
2012-12-03,1.53,1.38
2012-12-04,1.52,1.37
2012-12-05,1.5,1.35
2012-12-06,1.49,1.34
2012-12-07,1.55,1.39
2012-12-10,1.54,1.39
2012-12-11,1.58,1.42
2012-12-12,1.65,1.47
2012-12-13,1.68,1.47
2012-12-14,1.68,1.48
2012-12-17,1.73,1.53
2012-12-18,1.78,1.56
2012-12-19,1.77,1.54
2012-12-20,1.75,1.53
2012-12-21,1.71,1.51
2012-12-24,1.73,1.53
2012-12-26,1.68,1.51
2012-12-27,1.66,1.48
2012-12-28,1.72,1.46
2012-12-31,1.73,1.53
2013-01-02,1.78,1.59
2013-01-03,1.84,1.65
2013-01-04,1.86,1.66
2013-01-07,1.85,1.65
2013-01-08,1.82,1.64
2013-01-09,1.82,1.64
2013-01-10,1.85,1.65
2013-01-11,1.82,1.63
2013-01-14,1.81,1.63
2013-01-15,1.77,1.6
2013-01-16,1.76,1.58
2013-01-17,1.82,1.61
2013-01-18,1.79,1.61
2013-01-22,1.78,1.6
2013-01-23,1.78,1.6
2013-01-24,1.8,1.65
2013-01-25,1.9,1.7
2013-01-28,1.93,1.71
2013-01-29,1.96,1.73
2013-01-30,1.96,1.76
2013-01-31,1.95,1.75
2013-02-01,1.98,1.77
2013-02-04,1.93,1.75
2013-02-05,1.97,1.77
2013-02-06,1.93,1.73
2013-02-07,1.92,1.74
2013-02-08,1.92,1.74
2013-02-11,1.9,1.72
2013-02-12,1.93,1.73
2013-02-13,1.95,1.76
2013-02-14,1.89,1.73
2013-02-15,1.91,1.72
2013-02-19,1.91,1.74
2013-02-20,1.9,1.75
2013-02-21,1.86,1.73
2013-02-22,1.84,1.7
2013-02-25,1.76,1.63
2013-02-26,1.74,1.63
2013-02-27,1.8,1.64
2013-02-28,1.78,1.64
2013-03-01,1.75,1.61
2013-03-04,1.77,1.64
2013-03-05,1.82,1.65
2013-03-06,1.85,1.7
2013-03-07,1.9,1.75
2013-03-08,1.96,1.79
2013-03-11,1.97,1.8
2013-03-12,1.93,1.76
2013-03-13,1.95,1.77
2013-03-14,1.94,1.77
2013-03-15,1.92,1.76
2013-03-18,1.89,1.7
2013-03-19,1.85,1.68
2013-03-20,1.89,1.7
2013-03-21,1.88,1.68
2013-03-22,1.86,1.67
2013-03-25,1.85,1.69
2013-03-26,1.85,1.67
2013-03-27,1.78,1.62
2013-03-28,1.8,1.62
2013-04-01,1.78,1.63
2013-04-02,1.81,1.63
2013-04-03,1.77,1.59
2013-04-04,1.71,1.56
2013-04-05,1.65,1.48
2013-04-08,1.69,1.52
2013-04-09,1.72,1.54
2013-04-10,1.77,1.6
2013-04-11,1.75,1.58
2013-04-12,1.69,1.53
2013-04-15,1.66,1.5
2013-04-16,1.69,1.51
2013-04-17,1.67,1.49
2013-04-18,1.67,1.48
2013-04-19,1.68,1.49
2013-04-22,1.67,1.48
2013-04-23,1.69,1.51
2013-04-24,1.67,1.5
2013-04-25,1.69,1.51
2013-04-26,1.65,1.48
2013-04-29,1.65,1.5
2013-04-30,1.65,1.48
2013-05-01,1.6,1.46
2013-05-02,1.61,1.46
2013-05-03,1.73,1.56
2013-05-06,1.76,1.58
2013-05-07,1.78,1.6
2013-05-08,1.77,1.59
2013-05-09,1.77,1.59
2013-05-10,1.86,1.64
2013-05-13,1.87,1.68
2013-05-14,1.91,1.7
2013-05-15,1.9,1.68
2013-05-16,1.84,1.64
2013-05-17,1.91,1.69
2013-05-20,1.92,1.71
2013-05-21,1.9,1.68
2013-05-22,1.99,1.77
2013-05-23,1.97,1.76
2013-05-24,1.97,1.75
2013-05-28,2.1,1.86
2013-05-29,2.08,1.83
2013-05-30,2.09,1.82
2013-05-31,2.12,1.86
2013-06-03,2.08,1.83
2013-06-04,2.1,1.82
2013-06-05,2.05,1.8
2013-06-06,2.03,1.78
2013-06-07,2.13,1.85
2013-06-10,2.17,1.9
2013-06-11,2.15,1.86
2013-06-12,2.2,1.91
2013-06-13,2.14,1.87
2013-06-14,2.09,1.85
2013-06-17,2.14,1.92
2013-06-18,2.15,1.93
2013-06-19,2.28,2.02
2013-06-20,2.36,2.08
2013-06-21,2.47,2.14
2013-06-24,2.51,2.15
2013-06-25,2.54,2.17
2013-06-26,2.49,2.16
2013-06-27,2.43,2.13
2013-06-28,2.48,2.16
2013-07-01,2.46,2.16
2013-07-02,2.45,2.14
2013-07-03,2.47,2.16
2013-07-05,2.69,2.33
2013-07-08,2.6,2.28
2013-07-09,2.61,2.28
2013-07-10,2.66,2.32
2013-07-11,2.56,2.26
2013-07-12,2.57,2.24
2013-07-15,2.53,2.23
2013-07-16,2.52,2.21
2013-07-17,2.49,2.2
2013-07-18,2.53,2.24
2013-07-19,2.47,2.18
2013-07-22,2.46,2.18
2013-07-23,2.51,2.2
2013-07-24,2.58,2.27
2013-07-25,2.59,2.29
2013-07-26,2.55,2.27
2013-07-29,2.58,2.28
2013-07-30,2.59,2.3
2013-07-31,2.56,2.29
2013-08-01,2.7,2.39
2013-08-02,2.59,2.33
2013-08-05,2.62,2.35
2013-08-06,2.63,2.35
2013-08-07,2.56,2.29
2013-08-08,2.53,2.28
2013-08-09,2.52,2.25
2013-08-12,2.55,2.29
2013-08-13,2.65,2.37
2013-08-14,2.66,2.37
2013-08-15,2.72,2.41
2013-08-16,2.79,2.48
2013-08-19,2.82,2.52
2013-08-20,2.78,2.46
2013-08-21,2.83,2.49
2013-08-22,2.87,2.48
2013-08-23,2.79,2.42
2013-08-26,2.75,2.38
2013-08-27,2.67,2.34
2013-08-28,2.75,2.38
2013-08-29,2.73,2.36
2013-08-30,2.75,2.39
2013-09-03,2.84,2.43
2013-09-04,2.88,2.44
2013-09-05,2.96,2.46
2013-09-06,2.92,2.48
2013-09-09,2.88,2.45
2013-09-10,2.94,2.46
2013-09-11,2.91,2.46
2013-09-12,2.91,2.47
2013-09-13,2.89,2.45
2013-09-16,2.86,2.47
2013-09-17,2.85,2.47
2013-09-18,2.68,2.35
2013-09-19,2.75,2.42
2013-09-20,2.74,2.41
2013-09-23,2.7,2.37
2013-09-24,2.65,2.32
2013-09-25,2.61,2.27
2013-09-26,2.66,2.32
2013-09-27,2.62,2.3
2013-09-30,2.62,2.31
2013-10-01,2.64,2.33
2013-10-02,2.61,2.32
2013-10-03,2.59,2.29
2013-10-04,2.63,2.33
2013-10-07,2.62,2.28
2013-10-08,2.61,2.26
2013-10-09,2.63,2.31
2013-10-10,2.66,2.36
2013-10-11,2.62,2.35
2013-10-15,2.61,2.38
2013-10-16,2.59,2.35
2013-10-17,2.56,2.28
2013-10-18,2.56,2.27
2013-10-21,2.59,2.3
2013-10-22,2.5,2.23
2013-10-23,2.47,2.2
2013-10-24,2.5,2.2
2013-10-25,2.49,2.21
2013-10-28,2.5,2.22
2013-10-29,2.49,2.22
2013-10-30,2.51,2.22
2013-10-31,2.53,2.26
2013-11-01,2.61,2.32
2013-11-04,2.58,2.31
2013-11-05,2.64,2.37
2013-11-06,2.62,2.37
2013-11-07,2.58,2.34
2013-11-08,2.71,2.45
2013-11-12,2.72,2.46
2013-11-13,2.67,2.43
2013-11-14,2.61,2.4
2013-11-15,2.63,2.4
2013-11-18,2.58,2.36
2013-11-19,2.63,2.42
2013-11-20,2.72,2.52
2013-11-21,2.72,2.5
2013-11-22,2.68,2.44
2013-11-25,2.66,2.44
2013-11-26,2.64,2.42
2013-11-27,2.67,2.46
2013-11-29,2.69,2.47
2013-12-02,2.76,2.51
2013-12-03,2.73,2.51
2013-12-04,2.78,2.54
2013-12-05,2.82,2.58
2013-12-06,2.82,2.58
2013-12-09,2.79,2.56
2013-12-10,2.74,2.51
2013-12-11,2.79,2.55
2013-12-12,2.82,2.55
2013-12-13,2.81,2.54
2013-12-16,2.82,2.55
2013-12-17,2.78,2.51
2013-12-18,2.82,2.57
2013-12-19,2.88,2.59
2013-12-20,2.82,2.52
2013-12-23,2.87,2.56
2013-12-24,2.92,2.61
2013-12-26,2.93,2.58
2013-12-27,2.95,2.62
2013-12-30,2.92,2.6
2013-12-31,2.97,2.66
2014-01-02,2.93,2.61
2014-01-03,2.94,2.6
2014-01-06,2.93,2.58
2014-01-07,2.92,2.56
2014-01-08,2.96,2.58
2014-01-09,2.93,2.53
2014-01-10,2.83,2.49
2014-01-13,2.81,2.45
2014-01-14,2.84,2.49
2014-01-15,2.86,2.49
2014-01-16,2.82,2.45
2014-01-17,2.79,2.44
2014-01-21,2.81,2.45
2014-01-22,2.83,2.43
2014-01-23,2.75,2.4
2014-01-24,2.71,2.38
2014-01-27,2.73,2.41
2014-01-28,2.72,2.39
2014-01-29,2.65,2.33
2014-01-30,2.7,2.36
2014-01-31,2.65,2.33
2014-02-03,2.56,2.31
2014-02-04,2.58,2.33
2014-02-05,2.63,2.38
2014-02-06,2.66,2.4
2014-02-07,2.63,2.41
2014-02-10,2.63,2.38
2014-02-11,2.7,2.4
2014-02-12,2.75,2.45
2014-02-13,2.7,2.41
2014-02-14,2.73,2.43
2014-02-18,2.66,2.4
2014-02-19,2.67,2.4
2014-02-20,2.71,2.42
2014-02-21,2.68,2.4
2014-02-24,2.7,2.4
2014-02-25,2.65,2.36
2014-02-26,2.62,2.34
2014-02-27,2.61,2.32
2014-02-28,2.61,2.33
2014-03-03,2.55,2.28
2014-03-04,2.65,2.37
2014-03-05,2.64,2.37
2014-03-06,2.69,2.37
2014-03-07,2.74,2.42
2014-03-10,2.74,2.42
2014-03-11,2.72,2.4
2014-03-12,2.68,2.36
2014-03-13,2.61,2.32
2014-03-14,2.6,2.29
2014-03-17,2.64,2.32
2014-03-18,2.63,2.32
2014-03-19,2.72,2.31
2014-03-20,2.73,2.34
2014-03-21,2.69,2.3
2014-03-24,2.68,2.27
2014-03-25,2.7,2.28
2014-03-26,2.66,2.26
2014-03-27,2.65,2.24
2014-03-28,2.69,2.28
2014-03-31,2.68,2.29
2014-04-01,2.73,2.33
2014-04-02,2.8,2.35
2014-04-03,2.78,2.34
2014-04-04,2.71,2.31
2014-04-07,2.68,2.3
2014-04-08,2.66,2.29
2014-04-09,2.67,2.34
2014-04-10,2.61,2.28
2014-04-11,2.59,2.26
2014-04-14,2.61,2.28
2014-04-15,2.6,2.25
2014-04-16,2.61,2.26
2014-04-17,2.7,2.3
2014-04-21,2.69,2.31
2014-04-22,2.7,2.28
2014-04-23,2.68,2.27
2014-04-24,2.69,2.27
2014-04-25,2.65,2.25
2014-04-28,2.67,2.26
2014-04-29,2.69,2.27
2014-04-30,2.64,2.25
2014-05-01,2.6,2.22
2014-05-02,2.58,2.18
2014-05-05,2.6,2.2
2014-05-06,2.58,2.18
2014-05-07,2.59,2.21
2014-05-08,2.58,2.21
2014-05-09,2.59,2.22
2014-05-12,2.63,2.25
2014-05-13,2.58,2.22
2014-05-14,2.51,2.15
2014-05-15,2.47,2.12
2014-05-16,2.49,2.14
2014-05-19,2.51,2.18
2014-05-20,2.49,2.17
2014-05-21,2.5,2.17
2014-05-22,2.53,2.19
2014-05-23,2.5,2.17
2014-05-27,2.48,2.13
2014-05-28,2.4,2.07
2014-05-29,2.41,2.08
2014-05-30,2.44,2.11
2014-06-02,2.5,2.15
2014-06-03,2.56,2.19
2014-06-04,2.57,2.2
2014-06-05,2.55,2.19
2014-06-06,2.56,2.19
2014-06-09,2.58,2.19
2014-06-10,2.6,2.19
2014-06-11,2.61,2.21
2014-06-12,2.54,2.16
2014-06-13,2.56,2.15
2014-06-16,2.57,2.12
2014-06-17,2.62,2.15
2014-06-18,2.58,2.13
2014-06-19,2.62,2.16
2014-06-20,2.61,2.13
2014-06-23,2.6,2.15
2014-06-24,2.56,2.1
2014-06-25,2.54,2.09
2014-06-26,2.49,2.07
2014-06-27,2.51,2.09
2014-06-30,2.49,2.06
2014-07-01,2.56,2.11
2014-07-02,2.62,2.15
2014-07-03,2.64,2.13
2014-07-07,2.59,2.11
2014-07-08,2.55,2.07
2014-07-09,2.54,2.06
2014-07-10,2.53,2.09
2014-07-11,2.51,2.05
2014-07-14,2.52,2.07
2014-07-15,2.54,2.07
2014-07-16,2.53,2.05
2014-07-17,2.45,2
2014-07-18,2.48,1.99
2014-07-21,2.46,1.98
2014-07-22,2.45,1.99
2014-07-23,2.45,1.98
2014-07-24,2.49,1.99
2014-07-25,2.45,1.95
2014-07-28,2.46,1.96
2014-07-29,2.45,1.93
2014-07-30,2.53,2.01
2014-07-31,2.55,2.05
2014-08-01,2.49,2.05
2014-08-04,2.47,2.04
2014-08-05,2.46,2.02
2014-08-06,2.46,2.01
2014-08-07,2.4,1.99
2014-08-08,2.41,1.99
2014-08-11,2.4,1.97
2014-08-12,2.43,2.01
2014-08-13,2.39,2
2014-08-14,2.36,1.98
2014-08-15,2.31,1.92
2014-08-18,2.36,1.95
2014-08-19,2.37,1.94
2014-08-20,2.39,1.94
2014-08-21,2.39,1.92
2014-08-22,2.37,1.87
2014-08-25,2.35,1.86
2014-08-26,2.36,1.87
2014-08-27,2.33,1.86
2014-08-28,2.31,1.84
2014-08-29,2.32,1.87
2014-09-02,2.39,1.89
2014-09-03,2.38,1.89
2014-09-04,2.42,1.91
2014-09-05,2.43,1.94
2014-09-08,2.46,1.94
2014-09-09,2.48,1.94
2014-09-10,2.52,1.96
2014-09-11,2.52,1.96
2014-09-12,2.6,2.04
2014-09-15,2.58,2.02
2014-09-16,2.58,2.05
2014-09-17,2.6,2.03
2014-09-18,2.61,2.04
2014-09-19,2.57,2
2014-09-22,2.56,1.99
2014-09-23,2.53,1.97
2014-09-24,2.55,1.98
2014-09-25,2.51,1.96
2014-09-26,2.53,1.95
2014-09-29,2.48,1.92
2014-09-30,2.5,1.94
2014-10-01,2.4,1.89
2014-10-02,2.43,1.91
2014-10-03,2.44,1.88
2014-10-06,2.41,1.89
2014-10-07,2.34,1.84
2014-10-08,2.34,1.89
2014-10-09,2.33,1.88
2014-10-10,2.3,1.86
2014-10-14,2.19,1.82
2014-10-15,2.13,1.81
2014-10-16,2.14,1.82
2014-10-17,2.2,1.83
2014-10-20,2.18,1.83
2014-10-21,2.21,1.85
2014-10-22,2.23,1.84
2014-10-23,2.28,1.88
2014-10-24,2.28,1.88
2014-10-27,2.25,1.86
2014-10-28,2.28,1.88
2014-10-29,2.31,1.86
2014-10-30,2.31,1.84
2014-10-31,2.34,1.85
2014-11-03,2.34,1.84
2014-11-04,2.32,1.83
2014-11-05,2.33,1.84
2014-11-06,2.36,1.85
2014-11-07,2.29,1.81
2014-11-10,2.36,1.83
2014-11-12,2.35,1.82
2014-11-13,2.33,1.82
2014-11-14,2.3,1.78
2014-11-17,2.31,1.8
2014-11-18,2.3,1.79
2014-11-19,2.35,1.82
2014-11-20,2.32,1.81
2014-11-21,2.3,1.78
2014-11-24,2.28,1.77
2014-11-25,2.25,1.76
2014-11-26,2.22,1.71
2014-11-28,2.16,1.71
2014-12-01,2.19,1.73
2014-12-02,2.25,1.73
2014-12-03,2.28,1.72
2014-12-04,2.23,1.7
2014-12-05,2.29,1.66
2014-12-08,2.23,1.62
2014-12-09,2.18,1.58
2014-12-10,2.15,1.59
2014-12-11,2.16,1.57
2014-12-12,2.08,1.54
2014-12-15,2.08,1.52
2014-12-16,2.04,1.49
2014-12-17,2.11,1.52
2014-12-18,2.18,1.55
2014-12-19,2.13,1.5
2014-12-22,2.12,1.46
2014-12-23,2.23,1.53
2014-12-24,2.26,1.54
2014-12-26,2.24,1.52
2014-12-29,2.19,1.5
2014-12-30,2.17,1.51
2014-12-31,2.13,1.5
2015-01-02,2.1,1.46
2015-01-05,2.01,1.36
2015-01-06,1.94,1.32
2015-01-07,1.93,1.34
2015-01-08,2,1.41
2015-01-09,1.96,1.39
2015-01-12,1.89,1.36
2015-01-13,1.88,1.37
2015-01-14,1.82,1.35
2015-01-15,1.74,1.33
2015-01-16,1.8,1.34
2015-01-20,1.79,1.29
2015-01-21,1.84,1.34
2015-01-22,1.87,1.37
2015-01-23,1.79,1.29
2015-01-26,1.8,1.29
2015-01-27,1.81,1.29
2015-01-28,1.71,1.23
2015-01-29,1.74,1.26
2015-01-30,1.66,1.21
2015-02-02,1.66,1.19
2015-02-03,1.77,1.27
2015-02-04,1.8,1.29
2015-02-05,1.81,1.31
2015-02-06,1.93,1.3
2015-02-09,1.95,1.31
2015-02-10,2,1.34
2015-02-11,1.99,1.33
2015-02-12,1.97,1.38
2015-02-13,2.01,1.36
2015-02-17,2.12,1.44
2015-02-18,2.05,1.45
2015-02-19,2.09,1.44
2015-02-20,2.11,1.46
2015-02-23,2.04,1.42
2015-02-24,1.97,1.39
2015-02-25,1.94,1.35
2015-02-26,2,1.37
2015-02-27,1.98,1.37
2015-03-02,2.06,1.42
2015-03-03,2.1,1.44
2015-03-04,2.11,1.46
2015-03-05,2.09,1.46
2015-03-06,2.23,1.51
2015-03-09,2.18,1.5
2015-03-10,2.12,1.44
2015-03-11,2.08,1.41
2015-03-12,2.07,1.43
2015-03-13,2.1,1.45
2015-03-16,2.05,1.44
2015-03-17,2.01,1.36
2015-03-18,1.9,1.36
2015-03-19,1.95,1.35
2015-03-20,1.92,1.33
2015-03-23,1.89,1.32
2015-03-24,1.86,1.3
2015-03-25,1.89,1.34
2015-03-26,1.98,1.4
2015-03-27,1.91,1.37
2015-03-30,1.92,1.38
2015-03-31,1.91,1.38
2015-04-01,1.84,1.32
2015-04-02,1.9,1.37
2015-04-03,1.83,1.36
2015-04-06,1.89,1.41
2015-04-07,1.87,1.37
2015-04-08,1.89,1.38
2015-04-09,1.94,1.41
2015-04-10,1.94,1.39
2015-04-13,1.91,1.4
2015-04-14,1.88,1.37
2015-04-15,1.89,1.4
2015-04-16,1.88,1.4
2015-04-17,1.86,1.36
2015-04-20,1.87,1.35
2015-04-21,1.89,1.37
2015-04-22,1.96,1.42
2015-04-23,1.93,1.41
2015-04-24,1.9,1.39
2015-04-27,1.92,1.4
2015-04-28,1.98,1.44
2015-04-29,2.05,1.5
2015-04-30,2.04,1.47
2015-05-01,2.11,1.52
2015-05-04,2.14,1.56
2015-05-05,2.18,1.57
2015-05-06,2.23,1.6
2015-05-07,2.17,1.55
2015-05-08,2.15,1.57
2015-05-11,2.26,1.66
2015-05-12,2.25,1.67
2015-05-13,2.25,1.68
2015-05-14,2.22,1.67
2015-05-15,2.12,1.59
2015-05-18,2.21,1.65
2015-05-19,2.25,1.64
2015-05-20,2.24,1.66
2015-05-21,2.17,1.59
2015-05-22,2.19,1.57
2015-05-26,2.12,1.5
2015-05-27,2.13,1.5
2015-05-28,2.12,1.51
2015-05-29,2.11,1.51
2015-06-01,2.17,1.55
2015-06-02,2.26,1.63
2015-06-03,2.36,1.69
2015-06-04,2.29,1.65
2015-06-05,2.38,1.68
2015-06-08,2.37,1.69
2015-06-09,2.4,1.7
2015-06-10,2.48,1.75
2015-06-11,2.38,1.66
2015-06-12,2.37,1.65
2015-06-15,2.34,1.64
2015-06-16,2.31,1.61
2015-06-17,2.31,1.65
2015-06-18,2.34,1.69
2015-06-19,2.25,1.61
2015-06-22,2.36,1.69
2015-06-23,2.41,1.72
2015-06-24,2.37,1.7
2015-06-25,2.39,1.72
2015-06-26,2.48,1.77
2015-06-29,2.31,1.69
2015-06-30,2.34,1.71
2015-07-01,2.42,1.74
2015-07-02,2.39,1.76
2015-07-06,2.28,1.7
2015-07-07,2.25,1.69
2015-07-08,2.2,1.67
2015-07-09,2.29,1.72
2015-07-10,2.41,1.77
2015-07-13,2.42,1.75
2015-07-14,2.4,1.75
2015-07-15,2.34,1.72
2015-07-16,2.34,1.69
2015-07-17,2.31,1.66
2015-07-20,2.34,1.67
2015-07-21,2.32,1.64
2015-07-22,2.29,1.58
2015-07-23,2.25,1.57
2015-07-24,2.23,1.57
2015-07-27,2.18,1.55
2015-07-28,2.21,1.57
2015-07-29,2.23,1.59
2015-07-30,2.21,1.56
2015-07-31,2.12,1.53
2015-08-03,2.08,1.48
2015-08-04,2.15,1.49
2015-08-05,2.2,1.55
2015-08-06,2.19,1.52
2015-08-07,2.12,1.45
2015-08-10,2.12,1.51
2015-08-11,2.05,1.47
2015-08-12,2.04,1.47
2015-08-13,2.09,1.47
2015-08-14,2.11,1.47
2015-08-17,2.06,1.44
2015-08-18,2.13,1.46
2015-08-19,2.07,1.45
2015-08-20,2.07,1.4
2015-08-21,2.02,1.41
2015-08-24,1.95,1.42
2015-08-25,2.05,1.45
2015-08-26,2.12,1.51
2015-08-27,2.12,1.5
2015-08-28,2.13,1.47
2015-08-31,2.13,1.47
2015-09-01,2.14,1.47
2015-09-02,2.17,1.48
2015-09-03,2.16,1.47
2015-09-04,2.11,1.42
2015-09-08,2.14,1.46
2015-09-09,2.18,1.46
2015-09-10,2.21,1.48
2015-09-11,2.16,1.49
2015-09-14,2.11,1.45
2015-09-15,2.21,1.46
2015-09-16,2.24,1.48
2015-09-17,2.2,1.51
2015-09-18,2.13,1.44
2015-09-21,2.19,1.48
2015-09-22,2.14,1.45
2015-09-23,2.15,1.46
2015-09-24,2.12,1.46
2015-09-25,2.17,1.47
2015-09-28,2.09,1.43
2015-09-29,2.04,1.41
2015-09-30,2.06,1.42
2015-10-01,2.05,1.41
2015-10-02,1.99,1.41
2015-10-05,2.06,1.46
2015-10-06,2.05,1.44
2015-10-07,2.08,1.43
2015-10-08,2.12,1.47
2015-10-09,2.11,1.47
2015-10-13,2.05,1.42
2015-10-14,1.99,1.42
2015-10-15,2.03,1.43
2015-10-16,2.03,1.43
2015-10-19,2.02,1.43
2015-10-20,2.06,1.42
2015-10-21,2.03,1.4
2015-10-22,2.04,1.43
2015-10-23,2.08,1.43
2015-10-26,2.05,1.41
2015-10-27,2.02,1.4
2015-10-28,2.06,1.37
2015-10-29,2.12,1.44
2015-10-30,2.08,1.41
2015-11-02,2.12,1.43
2015-11-03,2.17,1.43
2015-11-04,2.2,1.41
2015-11-05,2.21,1.41
2015-11-06,2.26,1.44
2015-11-09,2.22,1.47
2015-11-10,2.19,1.45
2015-11-12,2.18,1.43
2015-11-13,2.14,1.42
2015-11-16,2.12,1.39
2015-11-17,2.11,1.39
2015-11-18,2.15,1.37
2015-11-19,2.13,1.33
2015-11-20,2.14,1.33
2015-11-23,2.11,1.31
2015-11-24,2.08,1.31
2015-11-25,2.04,1.3
2015-11-27,2.04,1.3
2015-11-30,1.99,1.27
2015-12-01,1.94,1.24
2015-12-02,1.97,1.24
2015-12-03,2.12,1.37
2015-12-04,2.05,1.32
2015-12-07,1.94,1.29
2015-12-08,1.97,1.3
2015-12-09,1.96,1.29
2015-12-10,2,1.29
2015-12-11,1.9,1.25
2015-12-14,1.97,1.26
2015-12-15,2.03,1.3
2015-12-16,2.03,1.28
2015-12-17,2.01,1.24
2015-12-18,2,1.22
2015-12-21,1.96,1.24
2015-12-22,2.03,1.25
2015-12-23,2.07,1.26
2015-12-24,2.05,1.22
2015-12-28,2.01,1.19
2015-12-29,2.09,1.23
2015-12-30,2.1,1.23
2015-12-31,2.11,1.21
2016-01-04,2.02,1.22
2016-01-05,2.05,1.21
2016-01-06,1.97,1.19
2016-01-07,1.96,1.2
2016-01-08,1.93,1.19
2016-01-11,1.96,1.23
2016-01-12,1.91,1.19
2016-01-13,1.86,1.17
2016-01-14,1.85,1.2
2016-01-15,1.79,1.18
2016-01-19,1.8,1.18
2016-01-20,1.75,1.16
2016-01-21,1.74,1.18
2016-01-22,1.76,1.19
2016-01-25,1.72,1.15
2016-01-26,1.7,1.16
2016-01-27,1.7,1.18
2016-01-28,1.65,1.17
2016-01-29,1.61,1.18
2016-02-01,1.62,1.16
2016-02-02,1.53,1.12
2016-02-03,1.55,1.16
2016-02-04,1.58,1.17
2016-02-05,1.56,1.12
2016-02-08,1.43,1.09
2016-02-09,1.44,1.05
2016-02-10,1.4,1
2016-02-11,1.35,0.99
2016-02-12,1.44,1.03
2016-02-16,1.48,1.04
2016-02-17,1.51,1.07
2016-02-18,1.45,1.04
2016-02-19,1.45,1
2016-02-22,1.44,0.99
2016-02-23,1.42,0.98
2016-02-24,1.42,1
2016-02-25,1.39,0.99
2016-02-26,1.43,0.96
2016-02-29,1.41,0.96
2016-03-01,1.5,0.98
2016-03-02,1.48,0.99
2016-03-03,1.55,0.98
2016-03-04,1.59,1
2016-03-07,1.59,1
2016-03-08,1.54,0.95
2016-03-09,1.6,1
2016-03-10,1.61,1
2016-03-11,1.65,1.01
2016-03-14,1.63,1
2016-03-15,1.63,0.99
2016-03-16,1.63,1.07
2016-03-17,1.62,1.04
2016-03-18,1.58,1.04
2016-03-21,1.61,1.05
2016-03-22,1.64,1.03
2016-03-23,1.58,1.01
2016-03-24,1.61,1.02
2016-03-28,1.6,1
2016-03-29,1.58,1.03
2016-03-30,1.63,1.07
2016-03-31,1.57,1.05
2016-04-01,1.56,1.03
2016-04-04,1.55,1.03
2016-04-05,1.5,1.01
2016-04-06,1.53,1.03
2016-04-07,1.47,1
2016-04-08,1.49,1.02
2016-04-11,1.5,1.03
2016-04-12,1.57,1.05
2016-04-13,1.54,1.02
2016-04-14,1.58,1.03
2016-04-15,1.54,1.02
2016-04-18,1.56,1.03
2016-04-19,1.58,1.02
2016-04-20,1.62,1.05
2016-04-21,1.65,1.06
2016-04-22,1.66,1.05
2016-04-25,1.66,1.06
2016-04-26,1.7,1.08
2016-04-27,1.63,1.04
2016-04-28,1.62,1.06
2016-04-29,1.61,1.06
2016-05-02,1.66,1.08
2016-05-03,1.6,1.06
2016-05-04,1.6,1.04
2016-05-05,1.56,1.04
2016-05-06,1.6,1.05
2016-05-09,1.53,1.05
2016-05-10,1.53,1.05
2016-05-11,1.47,0.99
2016-05-12,1.48,0.99
2016-05-13,1.42,0.95
2016-05-16,1.47,0.96
2016-05-17,1.48,0.94
2016-05-18,1.57,0.97
2016-05-19,1.54,0.96
2016-05-20,1.52,0.96
2016-05-23,1.49,0.93
2016-05-24,1.51,0.94
2016-05-25,1.54,0.95
2016-05-26,1.52,0.96
2016-05-27,1.53,0.95
2016-05-31,1.5,0.97
2016-06-01,1.55,0.94
2016-06-02,1.52,0.92
2016-06-03,1.41,0.93
2016-06-06,1.45,0.93
2016-06-07,1.44,0.94
2016-06-08,1.47,0.93
2016-06-09,1.42,0.91
2016-06-10,1.38,0.91
2016-06-13,1.35,0.89
2016-06-14,1.35,0.88
2016-06-15,1.34,0.91
2016-06-16,1.3,0.87
2016-06-17,1.35,0.92
2016-06-20,1.39,0.93
2016-06-21,1.44,0.95
2016-06-22,1.42,0.94
2016-06-23,1.43,0.96
2016-06-24,1.3,0.93
2016-06-27,1.19,0.85
2016-06-28,1.2,0.85
2016-06-29,1.24,0.88
2016-06-30,1.23,0.91
2016-07-01,1.18,0.87
2016-07-05,1.09,0.81
2016-07-06,1.11,0.8
2016-07-07,1.11,0.82
2016-07-08,1.09,0.76
2016-07-11,1.12,0.77
2016-07-12,1.24,0.84
2016-07-13,1.17,0.8
2016-07-14,1.21,0.85
2016-07-15,1.28,0.89
2016-07-18,1.27,0.91
2016-07-19,1.25,0.86
2016-07-20,1.27,0.86
2016-07-21,1.25,0.87
2016-07-22,1.24,0.86
2016-07-25,1.26,0.86
2016-07-26,1.26,0.82
2016-07-27,1.21,0.79
2016-07-28,1.27,0.8
2016-07-29,1.18,0.79
2016-08-01,1.22,0.84
2016-08-02,1.26,0.88
2016-08-03,1.27,0.88
2016-08-04,1.25,0.87
2016-08-05,1.31,0.87
2016-08-08,1.28,0.85
2016-08-09,1.26,0.84
2016-08-10,1.22,0.81
2016-08-11,1.29,0.81
2016-08-12,1.22,0.8
2016-08-15,1.24,0.83
2016-08-16,1.3,0.81
2016-08-17,1.26,0.82
2016-08-18,1.23,0.82
2016-08-19,1.28,0.82
2016-08-22,1.26,0.79
2016-08-23,1.25,0.81
2016-08-24,1.25,0.8
2016-08-25,1.25,0.8
2016-08-26,1.28,0.78
2016-08-29,1.24,0.76
2016-08-30,1.24,0.77
2016-08-31,1.25,0.78
2016-09-01,1.24,0.79
2016-09-02,1.27,0.8
2016-09-06,1.23,0.81
2016-09-07,1.2,0.8
2016-09-08,1.26,0.83
2016-09-09,1.32,0.88
2016-09-12,1.31,0.89
2016-09-13,1.37,0.93
2016-09-14,1.37,0.93
2016-09-15,1.42,0.97
2016-09-16,1.4,0.93
2016-09-19,1.4,0.91
2016-09-20,1.39,0.9
2016-09-21,1.44,0.87
2016-09-22,1.45,0.84
2016-09-23,1.44,0.85
2016-09-26,1.34,0.83
2016-09-27,1.3,0.81
2016-09-28,1.3,0.82
2016-09-29,1.3,0.83
2016-09-30,1.31,0.83
2016-10-03,1.31,0.83
2016-10-04,1.36,0.87
2016-10-05,1.4,0.87
2016-10-06,1.42,0.89
2016-10-07,1.4,0.9
2016-10-11,1.42,0.9
2016-10-12,1.42,0.92
2016-10-13,1.45,0.9
2016-10-14,1.48,0.96
2016-10-17,1.43,0.96
2016-10-18,1.41,0.93
2016-10-19,1.41,0.95
2016-10-20,1.41,0.92
2016-10-21,1.4,0.9
2016-10-24,1.44,0.93
2016-10-25,1.43,0.91
2016-10-26,1.46,0.93
2016-10-27,1.55,0.98
2016-10-28,1.56,1
2016-10-31,1.5,0.98
2016-11-01,1.48,1
2016-11-02,1.44,1
2016-11-03,1.44,1.01
2016-11-04,1.41,0.99
2016-11-07,1.42,1.01
2016-11-08,1.45,1.01
2016-11-09,1.62,1.17
2016-11-10,1.67,1.23
2016-11-14,1.68,1.23
2016-11-15,1.72,1.21
2016-11-16,1.75,1.22
2016-11-17,1.85,1.25
2016-11-18,1.9,1.27
2016-11-21,1.87,1.25
2016-11-22,1.82,1.24
2016-11-23,1.85,1.24
2016-11-25,1.87,1.24
2016-11-28,1.84,1.21
2016-11-29,1.82,1.21
2016-11-30,1.89,1.26
2016-12-01,1.97,1.31
2016-12-02,1.91,1.29
2016-12-05,1.9,1.26
2016-12-06,1.9,1.27
2016-12-07,1.82,1.24
2016-12-08,1.89,1.28
2016-12-09,1.93,1.32
2016-12-12,1.98,1.34
2016-12-13,1.94,1.31
2016-12-14,1.99,1.27
2016-12-15,2.09,1.31
2016-12-16,2.09,1.32
2016-12-19,2.02,1.3
2016-12-20,2.05,1.32
2016-12-21,2.03,1.34
2016-12-22,2.04,1.33
2016-12-23,2.03,1.33
2016-12-27,2.06,1.29
2016-12-28,1.98,1.25
2016-12-29,2.02,1.27
2016-12-30,1.94,1.25
2017-01-03,1.92,1.23
2017-01-04,1.93,1.22
2017-01-05,1.85,1.2
2017-01-06,1.89,1.2
2017-01-09,1.88,1.17
2017-01-10,1.86,1.19
2017-01-11,1.86,1.18
2017-01-12,1.84,1.18
2017-01-13,1.87,1.19
2017-01-17,1.78,1.16
2017-01-18,1.89,1.19
2017-01-19,1.95,1.22
2017-01-20,1.98,1.28
2017-01-23,1.9,1.25
2017-01-24,1.96,1.26
2017-01-25,2.03,1.3
2017-01-26,2,1.3
2017-01-27,1.97,1.27
2017-01-30,1.98,1.27
2017-01-31,1.93,1.26
2017-02-01,1.97,1.26
2017-02-02,1.96,1.27
2017-02-03,1.98,1.28
2017-02-06,1.89,1.26
2017-02-07,1.87,1.24
2017-02-08,1.8,1.19
2017-02-09,1.86,1.2
2017-02-10,1.86,1.21
2017-02-13,1.91,1.23
2017-02-14,1.93,1.22
2017-02-15,1.97,1.24
2017-02-16,1.92,1.23
2017-02-17,1.89,1.21
2017-02-21,1.9,1.21
2017-02-22,1.9,1.2
2017-02-23,1.87,1.2
2017-02-24,1.79,1.19
2017-02-27,1.86,1.16
2017-02-28,1.83,1.14
2017-03-01,1.83,1.17
2017-03-02,1.82,1.17
2017-03-03,1.78,1.17
2017-03-06,1.75,1.18
2017-03-07,1.76,1.2
2017-03-08,1.84,1.21
2017-03-09,1.87,1.23
2017-03-10,1.83,1.22
2017-03-13,1.83,1.22
2017-03-14,1.82,1.2
2017-03-15,1.78,1.18
2017-03-16,1.8,1.18
2017-03-17,1.77,1.17
2017-03-20,1.71,1.17
2017-03-21,1.66,1.16
2017-03-22,1.63,1.13
2017-03-23,1.65,1.15
2017-03-24,1.62,1.14
2017-03-27,1.6,1.11
2017-03-28,1.64,1.12
2017-03-29,1.61,1.13
2017-03-30,1.64,1.14
2017-03-31,1.64,1.13
2017-04-03,1.56,1.11
2017-04-04,1.57,1.11
2017-04-05,1.54,1.1
2017-04-06,1.55,1.1
2017-04-07,1.56,1.09
2017-04-10,1.55,1.08
2017-04-11,1.5,1.08
2017-04-12,1.47,1.04
2017-04-13,1.43,1.03
2017-04-17,1.43,1.05
2017-04-18,1.36,1
2017-04-19,1.4,1.02
2017-04-20,1.45,1.03
2017-04-21,1.45,1.04
2017-04-24,1.47,1.03
2017-04-25,1.53,1.06
2017-04-26,1.49,1.04
2017-04-27,1.49,1.05
2017-04-28,1.49,1.01
2017-05-01,1.5,1.05
2017-05-02,1.47,1.02
2017-05-03,1.48,1.03
2017-05-04,1.5,1.04
2017-05-05,1.46,1.04
2017-05-08,1.48,1.06
2017-05-09,1.51,1.05
2017-05-10,1.51,1.06
2017-05-11,1.5,1.04
2017-05-12,1.45,1.04
2017-05-15,1.44,1.03
2017-05-16,1.43,1.04
2017-05-17,1.32,0.96
2017-05-18,1.3,0.96
2017-05-19,1.31,0.95
2017-05-22,1.32,0.96
2017-05-23,1.37,0.98
2017-05-24,1.33,0.97
2017-05-25,1.31,0.95
2017-05-26,1.31,0.95
2017-05-30,1.28,0.93
2017-05-31,1.23,0.93
2017-06-01,1.23,0.93
2017-06-02,1.17,0.87
2017-06-05,1.22,0.86
2017-06-06,1.17,0.84
2017-06-07,1.18,0.86
2017-06-08,1.18,0.86
2017-06-09,1.2,0.86
2017-06-12,1.23,0.86
2017-06-13,1.21,0.83
2017-06-14,1.14,0.8
2017-06-15,1.14,0.81
2017-06-16,1.13,0.84
2017-06-19,1.17,0.83
2017-06-20,1.15,0.8
2017-06-21,1.17,0.8
2017-06-22,1.19,0.81
2017-06-23,1.18,0.81
2017-06-26,1.15,0.78
2017-06-27,1.21,0.83
2017-06-28,1.2,0.88
2017-06-29,1.23,0.89
2017-06-30,1.28,0.93
2017-07-03,1.29,0.94
2017-07-05,1.28,0.92
2017-07-06,1.33,0.97
2017-07-07,1.34,0.99
2017-07-10,1.34,0.98
2017-07-11,1.32,1
2017-07-12,1.28,0.98
2017-07-13,1.3,0.98
2017-07-14,1.29,0.98
2017-07-17,1.24,0.95
2017-07-18,1.2,0.91
2017-07-19,1.16,0.9
2017-07-20,1.12,0.9
2017-07-21,1.08,0.88
2017-07-24,1.09,0.89
2017-07-25,1.15,0.93
2017-07-26,1.16,0.93
2017-07-27,1.21,0.96
2017-07-28,1.22,0.96
2017-07-31,1.23,0.96
2017-08-01,1.18,0.92
2017-08-02,1.19,0.91
2017-08-03,1.16,0.9
2017-08-04,1.19,0.91
2017-08-07,1.24,0.9
2017-08-08,1.23,0.93
2017-08-09,1.18,0.91
2017-08-10,1.15,0.87
2017-08-11,1.16,0.89
2017-08-14,1.2,0.89
2017-08-15,1.23,0.92
2017-08-16,1.21,0.9
2017-08-17,1.19,0.87
2017-08-18,1.17,0.86
2017-08-21,1.18,0.86
2017-08-22,1.22,0.89
2017-08-23,1.17,0.85
2017-08-24,1.17,0.86
2017-08-25,1.14,0.82
2017-08-28,1.18,0.83
2017-08-29,1.1,0.8
2017-08-30,1.12,0.82
2017-08-31,1.11,0.79
2017-09-01,1.14,0.81
2017-09-05,1.04,0.77
2017-09-06,1.03,0.8
2017-09-07,1,0.78
2017-09-08,1.02,0.79
2017-09-11,1.09,0.82
2017-09-12,1.14,0.84
2017-09-13,1.16,0.85
2017-09-14,1.15,0.83
2017-09-15,1.15,0.81
2017-09-18,1.18,0.83
2017-09-19,1.2,0.84
2017-09-20,1.24,0.83
2017-09-21,1.23,0.82
2017-09-22,1.23,0.8
2017-09-25,1.17,0.78
2017-09-26,1.18,0.79
2017-09-27,1.24,0.84
2017-09-28,1.25,0.86
2017-09-29,1.27,0.86
2017-10-02,1.33,0.85
2017-10-03,1.26,0.86
2017-10-04,1.25,0.86
2017-10-05,1.28,0.86
2017-10-06,1.3,0.83
2017-10-10,1.27,0.84
2017-10-11,1.25,0.84
2017-10-12,1.24,0.82
2017-10-13,1.19,0.77
2017-10-16,1.2,0.76
2017-10-17,1.21,0.76
2017-10-18,1.25,0.75
2017-10-19,1.23,0.75
2017-10-20,1.28,0.79
2017-10-23,1.29,0.8
2017-10-24,1.3,0.82
2017-10-25,1.32,0.83
2017-10-26,1.35,0.83
2017-10-27,1.32,0.83
2017-10-30,1.25,0.79
2017-10-31,1.23,0.78
2017-11-01,1.19,0.76
2017-11-02,1.18,0.74
2017-11-03,1.16,0.71
2017-11-06,1.13,0.71
2017-11-07,1.1,0.69
2017-11-08,1.09,0.67
2017-11-09,1.09,0.7
2017-11-10,1.17,0.73
2017-11-13,1.16,0.7
2017-11-14,1.12,0.7
2017-11-15,1.08,0.65
2017-11-16,1.1,0.65
2017-11-17,1.06,0.62
2017-11-20,1.07,0.6
2017-11-21,1.06,0.59
2017-11-22,1.03,0.58
2017-11-24,1.05,0.59
2017-11-27,1.05,0.58
2017-11-28,1.04,0.59
2017-11-29,1.08,0.59
2017-11-30,1.15,0.64
2017-12-01,1.1,0.59
2017-12-04,1.08,0.57
2017-12-05,1.06,0.53
2017-12-06,1.03,0.55
2017-12-07,1.08,0.57
2017-12-08,1.1,0.58
2017-12-11,1.06,0.57
2017-12-12,1.06,0.57
2017-12-13,1.06,0.57
2017-12-14,1.03,0.53
2017-12-15,1.04,0.51
2017-12-18,1.01,0.55
2017-12-19,1.09,0.59
2017-12-20,1.11,0.62
2017-12-21,1.13,0.59
2017-12-22,1.15,0.57
2017-12-26,1,0.55
2017-12-27,0.98,0.53
2017-12-28,1.04,0.52
2017-12-29,1.01,0.51
2018-01-02,1.02,0.54
2018-01-03,1.03,0.5
2018-01-04,1.05,0.5
2018-01-05,1.08,0.51
2018-01-08,1.04,0.53
2018-01-09,1.11,0.57
2018-01-10,1.13,0.57
2018-01-11,1.11,0.56
2018-01-12,1.12,0.56
2018-01-16,1.09,0.51
2018-01-17,1.13,0.52
2018-01-18,1.17,0.57
2018-01-19,1.2,0.58
2018-01-22,1.22,0.58
2018-01-23,1.19,0.57
2018-01-24,1.22,0.57
2018-01-25,1.21,0.55
2018-01-26,1.25,0.53
2018-01-29,1.26,0.59
2018-01-30,1.29,0.6
2018-01-31,1.26,0.58
2018-02-01,1.3,0.62
2018-02-02,1.36,0.69
2018-02-05,1.26,0.69
2018-02-06,1.27,0.69
2018-02-07,1.29,0.69
2018-02-08,1.3,0.72
2018-02-09,1.28,0.78
2018-02-12,1.24,0.77
2018-02-13,1.24,0.73
2018-02-14,1.33,0.74
2018-02-15,1.32,0.71
2018-02-16,1.25,0.66
2018-02-20,1.22,0.63
2018-02-21,1.3,0.68
2018-02-22,1.29,0.67
2018-02-23,1.24,0.63
2018-02-26,1.2,0.64
2018-02-27,1.24,0.63
2018-02-28,1.22,0.62
2018-03-01,1.18,0.59
2018-03-02,1.21,0.61
2018-03-05,1.18,0.64
2018-03-06,1.2,0.63
2018-03-07,1.21,0.64
2018-03-08,1.19,0.61
2018-03-09,1.23,0.63
2018-03-12,1.16,0.6
2018-03-13,1.11,0.58
2018-03-14,1.05,0.55
2018-03-15,1.05,0.53
2018-03-16,1.07,0.54
2018-03-19,1.05,0.54
2018-03-20,1.08,0.55
2018-03-21,1.15,0.58
2018-03-22,1.11,0.54
2018-03-23,1.08,0.54
2018-03-26,1.06,0.52
2018-03-27,1.01,0.52
2018-03-28,1.04,0.49
2018-03-29,1.01,0.47
2018-04-02,0.96,0.48
2018-04-03,1.04,0.51
2018-04-04,1.08,0.51
2018-04-05,1.11,0.53
2018-04-06,1.04,0.5
2018-04-09,1.02,0.49
2018-04-10,1.06,0.48
2018-04-11,1.06,0.47
2018-04-12,1.08,0.49
2018-04-13,1.06,0.45
2018-04-16,1.04,0.44
2018-04-17,1.02,0.41
2018-04-18,1.06,0.45
2018-04-19,1.1,0.48
2018-04-20,1.15,0.5
2018-04-23,1.11,0.49
2018-04-24,1.13,0.52
2018-04-25,1.18,0.54
2018-04-26,1.18,0.51
2018-04-27,1.14,0.47
2018-04-30,1.08,0.46
2018-05-01,1.12,0.47
2018-05-02,1.13,0.48
2018-05-03,1.1,0.45
2018-05-04,1.11,0.44
2018-05-07,1.09,0.46
2018-05-08,1.1,0.46
2018-05-09,1.12,0.46
2018-05-10,1.07,0.43
2018-05-11,1.05,0.43
2018-05-14,1.07,0.45
2018-05-15,1.16,0.5
2018-05-16,1.17,0.51
2018-05-17,1.19,0.54
2018-05-18,1.15,0.51
2018-05-21,1.13,0.48
2018-05-22,1.13,0.47
2018-05-23,1.09,0.48
2018-05-24,1.07,0.48
2018-05-25,1.03,0.45
2018-05-29,0.84,0.45
2018-05-30,0.9,0.42
2018-05-31,0.9,0.43
2018-06-01,0.97,0.42
2018-06-04,1,0.42
2018-06-05,0.98,0.43
2018-06-06,1.02,0.45
2018-06-07,0.99,0.43
2018-06-08,1,0.43
2018-06-11,1.02,0.44
2018-06-12,1.04,0.42
2018-06-13,1.04,0.39
2018-06-14,1,0.35
2018-06-15,0.99,0.38
2018-06-18,0.98,0.36
2018-06-19,0.95,0.35
2018-06-20,0.99,0.37
2018-06-21,0.96,0.34
2018-06-22,0.97,0.34
2018-06-25,0.94,0.33
2018-06-26,0.95,0.35
2018-06-27,0.9,0.31
2018-06-28,0.91,0.32
2018-06-29,0.92,0.33
2018-07-02,0.89,0.3
2018-07-03,0.85,0.3
2018-07-05,0.88,0.29
2018-07-06,0.85,0.29
2018-07-09,0.88,0.29
2018-07-10,0.88,0.28
2018-07-11,0.88,0.27
2018-07-12,0.87,0.25
2018-07-13,0.85,0.24
2018-07-16,0.84,0.26
2018-07-17,0.84,0.24
2018-07-18,0.88,0.28
2018-07-19,0.84,0.24
2018-07-20,0.9,0.29
2018-07-23,0.97,0.32
2018-07-24,0.93,0.32
2018-07-25,0.93,0.28
2018-07-26,0.99,0.29
2018-07-27,0.96,0.29
2018-07-30,0.94,0.32
2018-07-31,0.93,0.29
2018-08-01,0.97,0.33
2018-08-02,0.96,0.32
2018-08-03,0.94,0.32
2018-08-06,0.89,0.3
2018-08-07,0.92,0.3
2018-08-08,0.9,0.28
2018-08-09,0.87,0.29
2018-08-10,0.82,0.26
2018-08-13,0.82,0.27
2018-08-14,0.81,0.26
2018-08-15,0.79,0.25
2018-08-16,0.8,0.24
2018-08-17,0.82,0.26
2018-08-20,0.76,0.22
2018-08-21,0.77,0.24
2018-08-22,0.73,0.22
2018-08-23,0.74,0.21
2018-08-24,0.73,0.19
2018-08-27,0.73,0.18
2018-08-28,0.75,0.21
2018-08-29,0.76,0.22
2018-08-30,0.75,0.22
2018-08-31,0.75,0.24
2018-09-04,0.77,0.24
2018-09-05,0.76,0.24
2018-09-06,0.75,0.24
2018-09-07,0.8,0.23
2018-09-10,0.8,0.21
2018-09-11,0.83,0.22
2018-09-12,0.81,0.23
2018-09-13,0.82,0.21
2018-09-14,0.83,0.21
2018-09-17,0.83,0.21
2018-09-18,0.88,0.24
2018-09-19,0.92,0.27
2018-09-20,0.9,0.26
2018-09-21,0.89,0.26
2018-09-24,0.86,0.25
2018-09-25,0.89,0.27
2018-09-26,0.86,0.23
2018-09-27,0.88,0.23
2018-09-28,0.86,0.24
2018-10-01,0.86,0.27
2018-10-02,0.82,0.23
2018-10-03,0.92,0.3
2018-10-04,0.97,0.32
2018-10-05,1,0.35
2018-10-09,0.96,0.33
2018-10-10,0.95,0.34
2018-10-11,0.87,0.29
2018-10-12,0.87,0.3
2018-10-15,0.85,0.31
2018-10-16,0.86,0.29
2018-10-17,0.88,0.3
2018-10-18,0.85,0.3
2018-10-19,0.89,0.28
2018-10-22,0.86,0.28
2018-10-23,0.84,0.28
2018-10-24,0.76,0.26
2018-10-25,0.8,0.28
2018-10-26,0.75,0.27
2018-10-29,0.74,0.27
2018-10-30,0.79,0.28
2018-10-31,0.81,0.28
2018-11-01,0.82,0.3
2018-11-02,0.89,0.31
2018-11-05,0.84,0.29
2018-11-06,0.87,0.29
2018-11-07,0.85,0.26
2018-11-08,0.89,0.26
2018-11-09,0.83,0.25
2018-11-13,0.76,0.25
2018-11-14,0.74,0.26
2018-11-15,0.74,0.25
2018-11-16,0.72,0.27
2018-11-19,0.68,0.27
2018-11-20,0.67,0.27
2018-11-21,0.65,0.25
2018-11-23,0.64,0.24
2018-11-26,0.66,0.23
2018-11-27,0.65,0.23
2018-11-28,0.66,0.25
2018-11-29,0.66,0.22
2018-11-30,0.64,0.21
2018-12-03,0.6,0.15
2018-12-04,0.49,0.11
2018-12-06,0.46,0.12
2018-12-07,0.45,0.13
2018-12-10,0.44,0.13
2018-12-11,0.48,0.11
2018-12-12,0.48,0.14
2018-12-13,0.48,0.16
2018-12-14,0.47,0.16
2018-12-17,0.46,0.16
2018-12-18,0.43,0.17
2018-12-19,0.37,0.14
2018-12-20,0.4,0.12
2018-12-21,0.4,0.16
2018-12-24,0.29,0.19
2018-12-26,0.37,0.2
2018-12-27,0.36,0.21
2018-12-28,0.32,0.2
2018-12-31,0.24,0.21
2019-01-02,0.24,0.16
2019-01-03,0.15,0.17
2019-01-04,0.25,0.17
2019-01-07,0.25,0.17
2019-01-08,0.27,0.15
2019-01-09,0.29,0.18
2019-01-10,0.31,0.18
2019-01-11,0.28,0.16
2019-01-14,0.26,0.18
2019-01-15,0.27,0.19
2019-01-16,0.3,0.18
2019-01-17,0.33,0.19
2019-01-18,0.38,0.17
2019-01-22,0.31,0.16
2019-01-23,0.35,0.18
2019-01-24,0.35,0.16
2019-01-25,0.37,0.16
2019-01-28,0.33,0.15
2019-01-29,0.3,0.16
2019-01-30,0.28,0.18
2019-01-31,0.22,0.18
2019-02-01,0.3,0.18
2019-02-04,0.31,0.2
2019-02-05,0.29,0.18
2019-02-06,0.28,0.18
2019-02-07,0.23,0.17
2019-02-08,0.2,0.18
2019-02-11,0.2,0.17
2019-02-12,0.25,0.18
2019-02-13,0.27,0.18
2019-02-14,0.23,0.16
2019-02-15,0.23,0.14
2019-02-19,0.2,0.15
2019-02-20,0.2,0.15
2019-02-21,0.24,0.16
2019-02-22,0.19,0.17
2019-02-25,0.2,0.16
2019-02-26,0.19,0.16
2019-02-27,0.24,0.19
2019-02-28,0.28,0.21
2019-03-01,0.32,0.21
2019-03-04,0.26,0.17
2019-03-05,0.26,0.17
2019-03-06,0.22,0.17
2019-03-07,0.19,0.17
2019-03-08,0.16,0.17
2019-03-11,0.18,0.17
2019-03-12,0.15,0.16
2019-03-13,0.16,0.16
2019-03-14,0.18,0.17
2019-03-15,0.14,0.16
2019-03-18,0.16,0.15
2019-03-19,0.15,0.15
2019-03-20,0.06,0.14
2019-03-21,0.05,0.13
2019-03-22,-0.02,0.13
2019-03-25,-0.03,0.17
2019-03-26,-0.05,0.17
2019-03-27,-0.05,0.17
2019-03-28,-0.04,0.16
2019-03-29,0.01,0.14
2019-04-01,0.06,0.16
2019-04-02,0.06,0.18
2019-04-03,0.08,0.19
2019-04-04,0.07,0.18
2019-04-05,0.06,0.15
2019-04-08,0.09,0.16
2019-04-09,0.09,0.16
2019-04-10,0.05,0.17
2019-04-11,0.08,0.16
2019-04-12,0.12,0.16
2019-04-15,0.12,0.15
2019-04-16,0.17,0.19
2019-04-17,0.15,0.19
2019-04-18,0.15,0.19
2019-04-22,0.15,0.21
2019-04-23,0.12,0.21
2019-04-24,0.09,0.21
2019-04-25,0.11,0.21
2019-04-26,0.09,0.23
2019-04-29,0.1,0.24
2019-04-30,0.08,0.24
2019-05-01,0.09,0.21
2019-05-02,0.08,0.2
2019-05-03,0.11,0.21
2019-05-06,0.07,0.2
2019-05-07,0.02,0.17
2019-05-08,0.06,0.19
2019-05-09,0.02,0.19
2019-05-10,0.04,0.21
2019-05-13,-0.01,0.22
2019-05-14,0.01,0.22
2019-05-15,-0.05,0.21
2019-05-16,0,0.2
2019-05-17,0,0.19
2019-05-20,0.02,0.2
2019-05-21,0.04,0.17
2019-05-22,0.01,0.16
2019-05-23,-0.06,0.19
2019-05-24,-0.03,0.16
2019-05-28,-0.11,0.14
2019-05-29,-0.12,0.16
2019-05-30,-0.16,0.16
2019-05-31,-0.21,0.19
2019-06-03,-0.28,0.25
2019-06-04,-0.23,0.24
2019-06-05,-0.23,0.29
2019-06-06,-0.21,0.24
2019-06-07,-0.19,0.24
2019-06-10,-0.14,0.25
2019-06-11,-0.12,0.22
2019-06-12,-0.11,0.25
2019-06-13,-0.09,0.27
2019-06-14,-0.11,0.25
2019-06-17,-0.14,0.23
2019-06-18,-0.16,0.2
2019-06-19,-0.15,0.29
2019-06-20,-0.13,0.29
2019-06-21,-0.04,0.3
2019-06-24,-0.11,0.3
2019-06-25,-0.12,0.29
2019-06-26,-0.1,0.28
2019-06-27,-0.13,0.27
2019-06-28,-0.12,0.25
2019-07-01,-0.18,0.25
2019-07-02,-0.22,0.21
2019-07-03,-0.25,0.19
2019-07-05,-0.19,0.17
2019-07-08,-0.21,0.17
2019-07-09,-0.19,0.15
2019-07-10,-0.13,0.25
2019-07-11,-0.04,0.28
2019-07-12,-0.02,0.28
2019-07-15,-0.07,0.26
2019-07-16,-0.02,0.26
2019-07-17,-0.08,0.23
2019-07-18,-0.01,0.27
2019-07-19,-0.01,0.25
2019-07-22,-0.04,0.25
2019-07-23,0.02,0.25
2019-07-24,-0.05,0.22
2019-07-25,-0.02,0.22
2019-07-26,-0.04,0.22
2019-07-29,-0.06,0.21
2019-07-30,-0.02,0.21
2019-07-31,-0.06,0.13
2019-08-01,-0.17,0.17
2019-08-02,-0.2,0.14
2019-08-05,-0.3,0.16
2019-08-06,-0.32,0.13
2019-08-07,-0.31,0.12
2019-08-08,-0.3,0.1
2019-08-09,-0.26,0.11
2019-08-12,-0.35,0.07
2019-08-13,-0.32,0.02
2019-08-14,-0.37,0.01
2019-08-15,-0.39,0.04
2019-08-16,-0.32,0.07
2019-08-19,-0.34,0.07
2019-08-20,-0.39,0.05
2019-08-21,-0.38,0.03
2019-08-22,-0.38,0.01
2019-08-23,-0.45,0.01
2019-08-26,-0.47,0
2019-08-27,-0.49,-0.04
2019-08-28,-0.52,-0.03
2019-08-29,-0.49,-0.03
2019-08-30,-0.49,0
2019-09-03,-0.51,0
2019-09-04,-0.5,0.04
2019-09-05,-0.4,0.02
2019-09-06,-0.41,0.02
2019-09-09,-0.33,0.05
2019-09-10,-0.23,0.05
2019-09-11,-0.21,0.07
2019-09-12,-0.16,0.07
2019-09-13,-0.06,0.11
2019-09-16,-0.15,0.1
2019-09-17,-0.18,0.09
2019-09-18,-0.15,0.03
2019-09-19,-0.14,0.05
2019-09-20,-0.17,0.05
2019-09-23,-0.22,0.04
2019-09-24,-0.28,0.04
2019-09-25,-0.16,0.05
2019-09-26,-0.13,0.04
2019-09-27,-0.11,0.06
2019-09-30,-0.2,0.05
2019-10-01,-0.17,0.09
2019-10-02,-0.19,0.12
2019-10-03,-0.16,0.15
2019-10-04,-0.19,0.12
2019-10-07,-0.19,0.1
2019-10-08,-0.18,0.12
2019-10-09,-0.1,0.12
2019-10-10,-0.01,0.14
2019-10-11,0.08,0.13
2019-10-15,0.1,0.16
2019-10-16,0.09,0.17
2019-10-17,0.1,0.16
2019-10-18,0.1,0.18
2019-10-21,0.13,0.18
2019-10-22,0.13,0.18
2019-10-23,0.12,0.19
2019-10-24,0.1,0.19
2019-10-25,0.14,0.17
2019-10-28,0.2,0.21
2019-10-29,0.21,0.2
2019-10-30,0.16,0.17
2019-10-31,0.15,0.17
2019-11-01,0.21,0.17
2019-11-04,0.26,0.19
2019-11-05,0.3,0.23
2019-11-06,0.25,0.2
2019-11-07,0.36,0.24
2019-11-08,0.39,0.26
2019-11-12,0.33,0.26
2019-11-13,0.31,0.25
2019-11-14,0.25,0.24
2019-11-15,0.27,0.23
2019-11-18,0.24,0.21
2019-11-19,0.22,0.19
2019-11-20,0.16,0.17
2019-11-21,0.19,0.17
2019-11-22,0.19,0.16
2019-11-25,0.15,0.15
2019-11-26,0.14,0.16
2019-11-27,0.15,0.14
2019-11-29,0.19,0.17
2019-12-02,0.23,0.22
2019-12-03,0.15,0.19
2019-12-04,0.22,0.19
2019-12-05,0.26,0.22
2019-12-06,0.31,0.23
2019-12-09,0.29,0.2
2019-12-10,0.29,0.2
2019-12-11,0.22,0.18
2019-12-12,0.34,0.24
2019-12-13,0.25,0.21
2019-12-16,0.32,0.24
2019-12-17,0.33,0.26
2019-12-18,0.36,0.29
2019-12-19,0.35,0.3
2019-12-20,0.34,0.29
2019-12-23,0.34,0.29
2019-12-24,0.32,0.28
2019-12-26,0.32,0.26
2019-12-27,0.31,0.29
2019-12-30,0.33,0.32
2019-12-31,0.37,0.34
2020-01-02,0.34,0.3
2020-01-03,0.28,0.27
2020-01-06,0.25,0.27
2020-01-07,0.29,0.29
2020-01-08,0.33,0.29
2020-01-09,0.31,0.27
2020-01-10,0.29,0.27
2020-01-13,0.28,0.27
2020-01-14,0.25,0.24
2020-01-15,0.22,0.23
2020-01-16,0.26,0.23
2020-01-17,0.28,0.26
2020-01-21,0.22,0.25
2020-01-22,0.22,0.24
2020-01-23,0.19,0.23
2020-01-24,0.16,0.21
2020-01-27,0.06,0.17
2020-01-28,0.08,0.2
2020-01-29,0.04,0.18
2020-01-30,0,0.16
2020-01-31,-0.04,0.18
2020-02-03,-0.03,0.18
2020-02-04,0.04,0.2
2020-02-05,0.09,0.22
2020-02-06,0.08,0.21
2020-02-07,0.03,0.18
2020-02-10,-0.02,0.19
2020-02-11,0.02,0.18
2020-02-12,0.04,0.18
2020-02-13,0.02,0.17
2020-02-14,0.01,0.17
2020-02-18,-0.03,0.14
2020-02-19,-0.02,0.14
2020-02-20,-0.06,0.13
2020-02-21,-0.1,0.12
2020-02-24,-0.15,0.12
2020-02-25,-0.2,0.13
2020-02-26,-0.2,0.17
2020-02-27,-0.15,0.19
2020-02-28,-0.14,0.27
2020-03-02,-0.03,0.26
2020-03-03,0.07,0.31
2020-03-04,0.3,0.35
2020-03-05,0.3,0.33
2020-03-06,0.29,0.25
2020-03-09,0.21,0.16
2020-03-10,0.32,0.26
2020-03-11,0.4,0.32
2020-03-12,0.55,0.38
2020-03-13,0.66,0.45
2020-03-16,0.49,0.37
2020-03-17,0.83,0.55
2020-03-18,1.16,0.64
2020-03-19,1.08,0.68
2020-03-20,0.87,0.55
2020-03-23,0.74,0.48
2020-03-24,0.83,0.46
2020-03-25,0.88,0.54
2020-03-26,0.83,0.53
2020-03-27,0.69,0.47
2020-03-30,0.58,0.47
2020-03-31,0.59,0.47
2020-04-01,0.53,0.39
2020-04-02,0.54,0.4
2020-04-03,0.52,0.39
2020-04-06,0.52,0.4
2020-04-07,0.61,0.47
2020-04-08,0.55,0.5
2020-04-09,0.48,0.5
2020-04-13,0.5,0.51
2020-04-14,0.56,0.53
2020-04-15,0.49,0.43
2020-04-16,0.47,0.41
2020-04-17,0.53,0.45
2020-04-20,0.51,0.43
2020-04-21,0.47,0.38
2020-04-22,0.51,0.41
2020-04-23,0.5,0.39
2020-04-24,0.48,0.38
2020-04-27,0.55,0.43
2020-04-28,0.51,0.42
2020-04-29,0.53,0.43
2020-04-30,0.55,0.44
2020-05-01,0.52,0.44
2020-05-04,0.51,0.45
2020-05-05,0.53,0.47
2020-05-06,0.6,0.55
2020-05-07,0.52,0.5
2020-05-08,0.57,0.53
2020-05-11,0.61,0.56
2020-05-12,0.56,0.52
2020-05-13,0.51,0.48
2020-05-14,0.51,0.47
2020-05-15,0.52,0.48
2020-05-18,0.6,0.55
2020-05-19,0.57,0.53
2020-05-20,0.56,0.52
2020-05-21,0.56,0.51
2020-05-22,0.54,0.49
2020-05-26,0.55,0.51
2020-05-27,0.53,0.49
2020-05-28,0.55,0.53
2020-05-29,0.51,0.49
2020-06-01,0.52,0.52
2020-06-02,0.53,0.51
2020-06-03,0.61,0.58
2020-06-04,0.67,0.63
2020-06-05,0.76,0.69
2020-06-08,0.71,0.66
2020-06-09,0.65,0.64
2020-06-10,0.58,0.58
2020-06-11,0.49,0.47
2020-06-12,0.55,0.52
2020-06-15,0.53,0.52
2020-06-16,0.58,0.54
2020-06-17,0.57,0.55
2020-06-18,0.55,0.52
2020-06-19,0.55,0.51
2020-06-22,0.55,0.52
2020-06-23,0.56,0.54
2020-06-24,0.54,0.5
2020-06-25,0.52,0.51
2020-06-26,0.5,0.47
2020-06-29,0.5,0.48
2020-06-30,0.5,0.5
2020-07-01,0.55,0.52
2020-07-02,0.54,0.52
2020-07-06,0.54,0.53
2020-07-07,0.5,0.49
2020-07-08,0.52,0.51
2020-07-09,0.49,0.46
2020-07-10,0.52,0.49
2020-07-13,0.5,0.48
2020-07-14,0.48,0.49
2020-07-15,0.48,0.48
2020-07-16,0.51,0.46
2020-07-17,0.53,0.5
2020-07-20,0.49,0.46
2020-07-21,0.48,0.47
2020-07-22,0.47,0.46
2020-07-23,0.47,0.43
2020-07-24,0.48,0.45
2020-07-27,0.51,0.47
2020-07-28,0.48,0.45
2020-07-29,0.47,0.46
2020-07-30,0.46,0.44
2020-07-31,0.46,0.44
2020-08-03,0.46,0.45
2020-08-04,0.43,0.41
2020-08-05,0.45,0.44
2020-08-06,0.45,0.44
2020-08-07,0.47,0.44
2020-08-10,0.48,0.45
2020-08-11,0.53,0.48
2020-08-12,0.58,0.53
2020-08-13,0.61,0.55
2020-08-14,0.61,0.57
2020-08-17,0.59,0.55
2020-08-18,0.58,0.53
2020-08-19,0.57,0.54
2020-08-20,0.54,0.52
2020-08-21,0.54,0.48
2020-08-24,0.53,0.51
2020-08-25,0.58,0.54
2020-08-26,0.58,0.53
2020-08-27,0.63,0.58
2020-08-28,0.64,0.6
2020-08-31,0.61,0.58
2020-09-01,0.56,0.55
2020-09-02,0.54,0.52
2020-09-03,0.52,0.5
2020-09-04,0.61,0.58
2020-09-08,0.56,0.55
2020-09-09,0.59,0.57
2020-09-10,0.56,0.54
2020-09-11,0.56,0.54
2020-09-14,0.57,0.54
2020-09-15,0.57,0.54
2020-09-16,0.57,0.55
2020-09-17,0.6,0.56
2020-09-18,0.6,0.56
2020-09-21,0.58,0.54
2020-09-22,0.58,0.55
2020-09-23,0.57,0.54
2020-09-24,0.57,0.53
2020-09-25,0.56,0.54
2020-09-28,0.56,0.53
2020-09-29,0.57,0.55
2020-09-30,0.59,0.56
2020-10-01,0.59,0.54
2020-10-02,0.61,0.57
2020-10-05,0.68,0.64
2020-10-06,0.66,0.62
2020-10-07,0.71,0.65
2020-10-08,0.69,0.65
2020-10-09,0.69,0.63
2020-10-13,0.63,0.58
2020-10-14,0.61,0.59
2020-10-15,0.63,0.6
2020-10-16,0.65,0.62
2020-10-19,0.67,0.62
2020-10-20,0.71,0.67
2020-10-21,0.73,0.69
2020-10-22,0.78,0.71
2020-10-23,0.75,0.67
2020-10-26,0.7,0.65
2020-10-27,0.69,0.63
2020-10-28,0.69,0.63
2020-10-29,0.76,0.69
2020-10-30,0.79,0.74
2020-11-02,0.78,0.71
2020-11-03,0.8,0.73
2020-11-04,0.68,0.64
2020-11-05,0.69,0.65
2020-11-06,0.73,0.67
2020-11-09,0.85,0.79
2020-11-10,0.88,0.79
2020-11-12,0.78,0.71
2020-11-13,0.8,0.72
2020-11-16,0.82,0.72
2020-11-17,0.78,0.69
2020-11-18,0.79,0.72
2020-11-19,0.79,0.68
2020-11-20,0.76,0.67
2020-11-23,0.78,0.7
2020-11-24,0.79,0.72
2020-11-25,0.79,0.71
2020-11-27,0.75,0.68
2020-11-30,0.76,0.68
2020-12-01,0.83,0.75
2020-12-02,0.86,0.79
2020-12-03,0.84,0.76
2020-12-04,0.88,0.81
2020-12-07,0.86,0.8
2020-12-08,0.83,0.78
2020-12-09,0.87,0.79
2020-12-10,0.84,0.78
2020-12-11,0.82,0.79
2020-12-14,0.81,0.77
2020-12-15,0.84,0.81
2020-12-16,0.83,0.79
2020-12-17,0.86,0.81
2020-12-18,0.87,0.82
2020-12-21,0.86,0.82
2020-12-22,0.84,0.8
2020-12-23,0.87,0.83
2020-12-24,0.85,0.81
2020-12-28,0.83,0.81
2020-12-29,0.84,0.82
2020-12-30,0.85,0.81
2020-12-31,0.84,0.8
2021-01-04,0.84,0.82
2021-01-05,0.87,0.83
2021-01-06,0.95,0.9
2021-01-07,0.99,0.94
2021-01-08,1.05,0.99
2021-01-11,1.07,1.01
2021-01-12,1.06,1.01
2021-01-13,1.01,0.96
2021-01-14,1.06,0.99
2021-01-15,1.02,0.98
2021-01-19,1.01,0.96
2021-01-20,1.02,0.97
2021-01-21,1.03,0.99
2021-01-22,1.02,0.97
2021-01-25,0.96,0.92
2021-01-26,0.98,0.94
2021-01-27,0.96,0.92
2021-01-28,1,0.95
2021-01-29,1.05,1
2021-02-01,1.02,0.98
2021-02-02,1.05,1.01
2021-02-03,1.11,1.04
2021-02-04,1.11,1.04
2021-02-05,1.16,1.1
2021-02-08,1.14,1.08
2021-02-09,1.14,1.07
2021-02-10,1.1,1.04
2021-02-11,1.11,1.05
2021-02-12,1.16,1.09
2021-02-16,1.26,1.17
2021-02-17,1.25,1.18
2021-02-18,1.26,1.18
2021-02-19,1.3,1.23
2021-02-22,1.34,1.26
2021-02-23,1.33,1.26
2021-02-24,1.35,1.26
2021-02-25,1.5,1.37
2021-02-26,1.4,1.3
2021-03-01,1.4,1.32
2021-03-02,1.38,1.29
2021-03-03,1.42,1.33
2021-03-04,1.5,1.4
2021-03-05,1.52,1.42
2021-03-08,1.54,1.42
2021-03-09,1.5,1.38
2021-03-10,1.49,1.37
2021-03-11,1.5,1.4
2021-03-12,1.6,1.5
2021-03-15,1.58,1.48
2021-03-16,1.6,1.47
2021-03-17,1.61,1.5
2021-03-18,1.7,1.55
2021-03-19,1.73,1.58
2021-03-22,1.66,1.54
2021-03-23,1.62,1.48
2021-03-24,1.6,1.48
2021-03-25,1.61,1.49
2021-03-26,1.65,1.53
2021-03-29,1.7,1.59
2021-03-30,1.71,1.57
2021-03-31,1.71,1.58
2021-04-01,1.67,1.52
2021-04-02,1.7,1.53
